Item Description,Item #,Inv Date,UOM ,Qty ,Sum of extprice,
APPLES GALA 88 CT,1160,20-Aug-15,CS,2,$74.00,NJ
APPLES GALA 88 CT Total,,,,2,$74.00,
APPLES GOLD DEL 125/138 XF,1173,20-Aug-15,CS,35,$943.25,WA
,,31-Aug-15,CS,4,$112.80,WA
,,27-Aug-15,CS,13,$314.47,WA
,,21-Aug-15,CS,-1,-$26.95,WA
,,25-Aug-15,CS,8,$193.52,WA
,,17-Aug-15,CS,1,$26.95,WA
APPLES GOLD DEL 125/138 XF Total,,,,60,"$1,564.04",
APPLES GRANNY SMITH 125,1215,20-Aug-15,CS,36,"$1,087.56",WA
,,31-Aug-15,CS,7,$213.29,WA
,,27-Aug-15,CS,3,$90.54,WA
,,25-Aug-15,CS,3,$90.54,WA
,,26-Aug-15,CS,3,$90.54,WA
,,17-Aug-15,CS,1,$30.21,WA
APPLES GRANNY SMITH 125 Total,,,,53,"$1,602.68",
APPLES RED 113-138,1372,20-Aug-15,6CT,3,$10.65,WA
,,20-Aug-15,CS,59,"$1,531.05",WA
,,31-Aug-15,CS,4,$109.80,WA
,,27-Aug-15,CS,15,$331.65,WA
,,25-Aug-15,CS,11,$243.21,WA
,,04-Aug-15,CS,2,$46.80,WA
,,17-Aug-15,CS,1,$25.95,WA
APPLES RED 113-138 Total,,,,95,"$2,299.11",
APPLES RED DEL 125 XF,1390,20-Aug-15,CS,2,$48.42,WA
,,31-Aug-15,CS,2,$45.90,WA
,,27-Aug-15,CS,7,$168.91,WA
,,21-Aug-15,CS,4,$96.84,WA
,,25-Aug-15,CS,13,$313.69,WA
APPLES RED DEL 125 XF Total,,,,28,$673.76,
BANANAS IP 150 CT,1502,20-Aug-15,CS,22,$460.90,HONDURAS
,,31-Aug-15,CS,10,$209.50,HONDURAS
,,27-Aug-15,CS,15,$314.25,HONDURAS
,,21-Aug-15,CS,4,$83.80,HONDURAS
,,25-Aug-15,CS,16,$335.20,HONDURAS
,,04-Aug-15,CS,4,$83.80,HONDURAS
,,17-Aug-15,CS,1,$20.95,HONDURAS
BANANAS IP 150 CT Total,,,,72,"$1,508.40",
BANANAS No 1 PREMIUM 40 LB GT,1505,04-Aug-15,CS,1,$20.95,HONDURAS
BANANAS No 1 PREMIUM 40 LB GT Total,,,,1,$20.95,
BERRIES STRAW DRISCOLL 8/1 LB,1570,25-Aug-15,CS,1,$21.89,CA
BERRIES STRAW DRISCOLL 8/1 LB Total,,,,1,$21.89,
BROCCOLI FLORETS---4/3 LB---,2506,20-Aug-15,CS,6,$120.00,CA
,,20-Aug-15,EA,16,$116.00,CA
,,31-Aug-15,EA,3,$27.66,CA
,,27-Aug-15,CS,2,$51.76,CA
,,27-Aug-15,EA,6,$52.32,CA
,,25-Aug-15,CS,2,$51.76,CA
,,04-Aug-15,CS,1,$25.88,CA
,,17-Aug-15,EA,1,$7.25,CA
BROCCOLI FLORETS---4/3 LB--- Total,,,,37,$452.63,
CABBAGE GREEN CTN 16-18 CT,2530,20-Aug-15,CS,2,$33.64,NC
,,31-Aug-15,CS,1,$18.45,NC
,,27-Aug-15,CS,1,$17.95,NC
,,27-Aug-15,EACH,8,$30.00,NC
,,25-Aug-15,CS,2,$35.90,NC
CABBAGE GREEN CTN 16-18 CT Total,,,,14,$135.94,
CABBAGE GRN SHRED 4/5  W/C,6040,20-Aug-15,EACH,5,$31.15,CA
CABBAGE GRN SHRED 4/5  W/C Total,,,,5,$31.15,
CANTALOUPE 12 CT,1800,25-Aug-15,CS,1,$20.80,CA
CANTALOUPE 12 CT Total,,,,1,$20.80,
CARROT STICKS 4/5 LB,6060,20-Aug-15,EA,1,$8.97,CA
CARROT STICKS 4/5 LB Total,,,,1,$8.97,
CARROTS 100/2 OZ,6085,20-Aug-15,CS,12,$238.56,CA
,,31-Aug-15,CS,1,$19.90,CA
,,27-Aug-15,CS,4,$79.64,CA
,,25-Aug-15,CS,2,$39.82,CA
,,04-Aug-15,CS,2,$37.80,CA
CARROTS 100/2 OZ Total,,,,21,$415.72,
CARROTS BABY PEELED 30/1 LB,2570,20-Aug-15,CS,7,$176.54,CA
,,20-Aug-15,EACH,15,$47.25,CA
,,31-Aug-15,CS,2,$60.98,CA
,,27-Aug-15,CS,2,$50.68,CA
,,27-Aug-15,EACH,6,$18.96,CA
,,21-Aug-15,CS,4,$100.88,CA
,,25-Aug-15,CS,2,$50.68,CA
,,04-Aug-15,CS,1,$28.80,CA
CARROTS BABY PEELED 30/1 LB Total,,,,39,$534.77,
CARROTS MATCHSTICK SHRED 4/5 LB,6080,20-Aug-15,EACH,11,$73.04,CA
,,17-Aug-15,EACH,1,$6.64,CA
CARROTS MATCHSTICK SHRED 4/5 LB Total,,,,12,$79.68,
CELERY SLEEVED 30/36 CT,2660,20-Aug-15,EACH,1,$3.38,CA
,,25-Aug-15,CS,1,$31.45,CA
CELERY SLEEVED 30/36 CT Total,,,,2,$34.83,
CELERY STICKS 4/5 LB,6110,20-Aug-15,CS,2,$52.12,CA
,,21-Aug-15,CS,4,$104.24,CA
,,04-Aug-15,CS,1,$27.12,CA
CELERY STICKS 4/5 LB Total,,,,7,$183.48,
CILANTRO 30 CT USA,5240,20-Aug-15,3 EA,5,$35.70,CA
,,27-Aug-15,3 EA,5,$18.30,CA
CILANTRO 30 CT USA Total,,,,10,$54.00,
CUCUMBER HOT HOUSE 12 CT,2690,20-Aug-15,3 EA,2,$11.74,CANADA
,,20-Aug-15,CS,8,$101.28,CANADA
,,31-Aug-15,CS,3,$38.10,CANADA
,,27-Aug-15,CS,2,$23.48,CANADA
,,25-Aug-15,CS,3,$35.22,CANADA
CUCUMBER HOT HOUSE 12 CT Total,,,,18,$209.82,
CUCUMBER SELECT 1-1/9 BU,2710,20-Aug-15,3 #,24,$78.00,NJ
,,20-Aug-15,CS,2,$33.90,NJ
,,31-Aug-15,CS,1,$18.75,CA
,,27-Aug-15,3 #,5,$17.20,CA
,,21-Aug-15,3 #,3,$9.75,NJ
,,25-Aug-15,3 #,5,$17.20,FL
CUCUMBER SELECT 1-1/9 BU Total,,,,40,$174.80,
EGGS LARGE 15 DZ USA,7910,20-Aug-15,CS,25,"$1,131.25",FL
,,31-Aug-15,CS,1,$43.00,FL
,,27-Aug-15,CS,4,$181.00,FL
,,21-Aug-15,CS,1,$45.25,FL
,,25-Aug-15,CS,1,$45.25,FL
,,17-Aug-15,CS,1,$45.25,FL
EGGS LARGE 15 DZ USA Total,,,,33,"$1,491.00",
EGGS LARGE 30 DZ USA,7920,20-Aug-15,CS,1,$87.55,FL
EGGS LARGE 30 DZ USA Total,,,,1,$87.55,
GRAPES GREEN SEEDLESS,1760,20-Aug-15,CS,3,$77.07,CA
,,31-Aug-15,CS,1,$28.43,CA
,,25-Aug-15,CS,4,$87.72,CA
GRAPES GREEN SEEDLESS Total,,,,8,$193.22,
HONEYDEW 5/6 CT,1820,20-Aug-15,EACH,12,$76.80,CA
HONEYDEW 5/6 CT Total,,,,12,$76.80,
KALE GREEN 24 CT USA,2140,20-Aug-15,6 EA,1,$6.24,SC
,,20-Aug-15,CS,22,$306.90,SC
,,20-Aug-15,EA,37,$109.15,SC
,,31-Aug-15,CS,3,$67.35,SC
,,31-Aug-15,EA,8,$26.96,SC
,,27-Aug-15,CS,4,$111.80,SC
,,27-Aug-15,EA,5,$18.25,SC
,,21-Aug-15,CS,0,$0.00,SC
,,25-Aug-15,CS,6,$167.70,SC
,,25-Aug-15,EA,4,$14.60,SC
KALE GREEN 24 CT USA Total,,,,90,$828.95,
LEMONS 165 CT,1640,20-Aug-15,CS,1,$34.78,CA
,,20-Aug-15,DOZ,5,$24.65,CA
,,31-Aug-15,DOZ,1,$4.89,CA
,,27-Aug-15,DOZ,4,$19.72,CA
,,25-Aug-15,DOZ,1,$4.93,CA
,,17-Aug-15,DOZ,1,$4.93,CA
LEMONS 165 CT Total,,,,13,$93.90,
"LETTUCE 1/8"" SHRED 4/5 LB",6180,20-Aug-15,CS,8,$127.28,CA
,,20-Aug-15,EACH,9,$56.07,CA
,,31-Aug-15,CS,2,$43.18,CA
,,31-Aug-15,EACH,1,$7.65,CA
,,27-Aug-15,CS,4,$86.36,CA
,,27-Aug-15,EACH,2,$15.30,CA
,,21-Aug-15,CS,2,$31.82,CA
,,25-Aug-15,CS,6,$129.54,CA
,,25-Aug-15,EACH,1,$7.65,CA
,,04-Aug-15,CS,1,$19.59,CA
,,04-Aug-15,EACH,2,$14.30,CA
"LETTUCE 1/8"" SHRED 4/5 LB Total",,,,38,$538.74,
LETTUCE SWEET SPRING MIX 3/1 LB,2220,20-Aug-15,CS,1,$9.51,CA
,,27-Aug-15,CS,3,$31.59,CA
LETTUCE SWEET SPRING MIX 3/1 LB Total,,,,4,$41.10,
ONIONS RED JUMBO 25 LB,4810,20-Aug-15,5 #,3,$20.58,CA
,,20-Aug-15,CS,1,$18.45,CA
,,31-Aug-15,5 #,1,$6.93,CA
,,31-Aug-15,CS,1,$18.73,CA
,,27-Aug-15,5 #,1,$6.93,CA
,,25-Aug-15,5 #,2,$13.86,CA
ONIONS RED JUMBO 25 LB Total,,,,9,$85.48,
ONIONS YELLOW JUMBO ROUND 50 LB,4850,20-Aug-15,5 #,18,$84.24,CA
,,20-Aug-15,CS,1,$21.88,CA
,,31-Aug-15,5 #,1,$4.37,CA
,,27-Aug-15,5 #,3,$13.65,CA
,,21-Aug-15,5 #,1,$4.68,CA
,,25-Aug-15,5 #,4,$18.20,CA
,,25-Aug-15,CS,2,$41.32,CA
,,17-Aug-15,5 #,1,$4.68,CA
ONIONS YELLOW JUMBO ROUND 50 LB Total,,,,31,$193.02,
PEARS BARTLETT  90,1880,20-Aug-15,CS,4,$110.20,WA
PEARS BARTLETT  90 Total,,,,4,$110.20,
PEPPER GREEN LARGE 1-1/9 BU,2820,20-Aug-15,5 #,18,$126.90,FL
,,20-Aug-15,CS,9,$172.80,FL
,,31-Aug-15,5 #,3,$21.24,NJ
,,27-Aug-15,5 #,5,$35.25,NJ
,,21-Aug-15,5 #,1,$7.05,FL
,,21-Aug-15,CS,-1,-$19.20,FL
,,25-Aug-15,5 #,5,$35.25,NJ
,,25-Aug-15,CS,1,$19.20,NJ
,,17-Aug-15,5 #,1,$7.05,FL
PEPPER GREEN LARGE 1-1/9 BU Total,,,,42,$405.54,
PEPPER RED 1-1/9 BU,2870,20-Aug-15,2 #,2,$9.68,AZ
,,31-Aug-15,2 #,1,$6.50,AZ
,,27-Aug-15,2 #,1,$6.25,AZ
PEPPER RED 1-1/9 BU Total,,,,4,$22.43,
PINEAPPLE GOLDEN 6/7 CT COSTA RICA,1960,27-Aug-15,CS,1,$13.95,COSTA RICA
,,04-Aug-15,CS,1,$13.95,COSTA RICA
PINEAPPLE GOLDEN 6/7 CT COSTA RICA Total,,,,2,$27.90,
POTATOES IDAHO 080 CT,4308,20-Aug-15,CS,2,$31.64,ID
,,31-Aug-15,5 #,10,$43.50,ID
,,31-Aug-15,CS,1,$18.88,ID
POTATOES IDAHO 080 CT Total,,,,13,$94.02,
POTATOES IDAHO 100 CT CARTON,4310B,20-Aug-15,CS,1,$15.59,ID
,,31-Aug-15,CS,9,$138.06,ID
,,27-Aug-15,CS,7,$109.13,ID
POTATOES IDAHO 100 CT CARTON Total,,,,17,$262.78,
RADISH RED 14/1 LB,3007,20-Aug-15,EA,2,$6.80,MI
,,31-Aug-15,EA,1,$3.38,MI
RADISH RED 14/1 LB Total,,,,3,$10.18,
ROMAINE 24 CT,2270,20-Aug-15,CS,3,$81.33,CA
ROMAINE 24 CT Total,,,,3,$81.33,
ROMAINE CHOPPED 6/2 LB,6300,20-Aug-15,CS,40,$691.20,CA
,,20-Aug-15,EACH,6,$30.78,CA
,,31-Aug-15,CS,13,$260.78,CA
,,27-Aug-15,CS,17,$341.02,CA
,,21-Aug-15,CS,6,$103.68,CA
,,25-Aug-15,CS,7,$140.42,CA
,,17-Aug-15,EACH,1,$5.13,CA
ROMAINE CHOPPED 6/2 LB Total,,,,90,"$1,573.01",
SALAD SEPARATE W/COLOR 4/5 LB,6340,20-Aug-15,CS,7,$110.95,CA
,,27-Aug-15,CS,1,$18.16,CA
,,25-Aug-15,CS,2,$36.32,CA
,,04-Aug-15,CS,1,$16.72,CA
SALAD SEPARATE W/COLOR 4/5 LB Total,,,,11,$182.15,
SPINACH 4/2.5 LB,2320,20-Aug-15,EACH,2,$15.16,CA
,,25-Aug-15,CS,1,$20.45,CA
SPINACH 4/2.5 LB Total,,,,3,$35.61,
TOMATOES 6X6 25 LB,5880,20-Aug-15,5 #,15,$109.50,TN
,,20-Aug-15,CS,17,$343.06,TN
,,31-Aug-15,CS,5,$100.65,TN
,,27-Aug-15,5 #,5,$37.60,TN
,,27-Aug-15,CS,2,$42.18,TN
,,21-Aug-15,CS,1,$20.18,TN
,,25-Aug-15,5 #,2,$15.04,TN
,,25-Aug-15,CS,3,$63.27,TN
,,04-Aug-15,5 #,3,$22.44,TN
,,17-Aug-15,CS,1,$20.18,TN
TOMATOES 6X6 25 LB Total,,,,54,$774.10,
TOMATOES CHERRY 12/1 PINT,5820,20-Aug-15,CS,8,$171.52,FL
,,20-Aug-15,EACH,5,$21.95,FL
,,31-Aug-15,EACH,3,$13.89,GA
,,27-Aug-15,CS,2,$44.82,GA
,,27-Aug-15,EACH,3,$13.47,GA
,,25-Aug-15,CS,1,$22.41,FL
TOMATOES CHERRY 12/1 PINT Total,,,,22,$288.06,
TOMATOES GRAPE 12/1 PINT,5840,20-Aug-15,CS,4,$71.60,FL
,,20-Aug-15,EACH,7,$26.18,FL
,,31-Aug-15,CS,2,$36.88,GA
,,27-Aug-15,CS,3,$49.35,GA
,,21-Aug-15,CS,1,$17.90,FL
,,25-Aug-15,CS,5,$82.25,FL
,,04-Aug-15,CS,1,$14.44,GA
TOMATOES GRAPE 12/1 PINT Total,,,,23,$298.60,
WATERMELON SEEDLESS 45 CT BIN,1842,04-Aug-15,EACH,2,$13.64,FL
WATERMELON SEEDLESS 45 CT BIN Total,,,,2,$13.64,
GRAPES RED SEEDLESS,1750,20-Aug-15,2 #,1,$5.46,CA
,,20-Aug-15,CS,9,$231.21,CA
,,27-Aug-15,CS,5,$120.90,CA
,,25-Aug-15,CS,3,$72.54,CA
GRAPES RED SEEDLESS Total,,,,18,$430.11,
ORANGE CA 138,1690,20-Aug-15,CS,70,"$1,857.10",CA
,,31-Aug-15,CS,16,$482.56,CA
,,27-Aug-15,CS,30,$810.90,CA
,,21-Aug-15,CS,6,$159.18,CA
,,25-Aug-15,CS,23,$621.69,CA
,,17-Aug-15,CS,1,$26.53,CA
ORANGE CA 138 Total,,,,146,"$3,957.96",
BERRIES BLACK 12/6 OZ,1540,04-Aug-15,CS,1,$19.82,GUATEMALA
BERRIES BLACK 12/6 OZ Total,,,,1,$19.82,
KIWI TRAY 27/36,1780,20-Aug-15,CS,2,$25.40,NEW ZEALAND
,,27-Aug-15,CS,3,$38.16,NEW ZEALAND
KIWI TRAY 27/36 Total,,,,5,$63.56,
ARUGULA 2/1.5 LB USA,5205,31-Aug-15,CS,30,$486.60,TX
,,27-Aug-15,CS,4,$63.36,TX
ARUGULA 2/1.5 LB USA Total,,,,34,$549.96,
BERRIES BLUE 12/1 PINT,1550,31-Aug-15,CS,48,"$1,629.60",CA
,,27-Aug-15,CS,5,$161.95,CA
BERRIES BLUE 12/1 PINT Total,,,,53,"$1,791.55",
CHIVES 1 LB,5230,20-Aug-15,CS,1,$8.77,COLUMBIA
,,31-Aug-15,CS,10,$149.50,COLUMBIA
CHIVES 1 LB Total,,,,11,$158.27,
GRAPES RED MUSCADINE 20 LB,1762,31-Aug-15,CS,31,$835.45,FL
GRAPES RED MUSCADINE 20 LB Total,,,,31,$835.45,
WATERMELON SDLS 4/5 CT,1830,20-Aug-15,EACH,11,$81.18,SC
WATERMELON SDLS 4/5 CT Total,,,,11,$81.18,
"PEACHES 25 LB 2 1/2""",1872,20-Aug-15,CS,1,$21.72,NJ
,,27-Aug-15,CS,1,$19.04,NJ
,,25-Aug-15,CS,5,$95.20,NJ
"PEACHES 25 LB 2 1/2"" Total",,,,7,$135.96,
BERRIES STRAW  8/1 LB,1580,04-Aug-15,CS,1,$17.32,CA
BERRIES STRAW  8/1 LB Total,,,,1,$17.32,
ROM/ICE BLEND W/COLOR 4/5 LB,6290,04-Aug-15,CS,1,$18.67,CA
ROM/ICE BLEND W/COLOR 4/5 LB Total,,,,1,$18.67,
ASPARAGUS STANDARD 11 LB,2410,31-Aug-15,CS,2,$69.40,PERU
ASPARAGUS STANDARD 11 LB Total,,,,2,$69.40,
GREENS COLLARD SHREDDED 6/2#  USA,6151,20-Aug-15,EACH,2,$10.48,NJ
GREENS COLLARD SHREDDED 6/2#  USA Total,,,,2,$10.48,
ROMAINE LETTUCE LINER 24 CT,2270,20-Aug-15,CS,5,$135.55,CA
,,27-Aug-15,CS,1,$26.55,CA
,,25-Aug-15,CS,1,$26.55,CA
ROMAINE LETTUCE LINER 24 CT Total,,,,7,$188.65,
CABBAGE GRN SHRED 4/5  W/SEP COLOR,6040,20-Aug-15,CS,1,$15.91,CA
,,20-Aug-15,EACH,1,$6.23,CA
,,25-Aug-15,CS,1,$15.96,CA
CABBAGE GRN SHRED 4/5  W/SEP COLOR Total,,,,3,$38.10,
BROCCOLI FLORETS 6/3 LB,2490,21-Aug-15,CS,4,$106.00,CA
BROCCOLI FLORETS 6/3 LB Total,,,,4,$106.00,
POTATOES IDAHO 090 CT,4309,31-Aug-15,CS,1,$16.88,ID
POTATOES IDAHO 090 CT Total,,,,1,$16.88,
ROMAINE  LINER 24 CT,2270,31-Aug-15,CS,1,$26.47,CA
,,27-Aug-15,CS,1,$26.55,CA
ROMAINE  LINER 24 CT Total,,,,2,$53.02,
BEANS GREEN CUT 2/5 LB USA,6010,20-Aug-15,CS,2,$38.40,CA
,,21-Aug-15,CS,-2,-$38.40,CA
BEANS GREEN CUT 2/5 LB USA Total,,,,0,$0.00,
APPLES GOLD DEL 125/138 XF,1173,10-Sep-15,CS,11,$301.95,WA
,,17-Sep-15,CS,6,$134.70,WA
,,03-Sep-15,CS,12,$338.40,WA
,,14-Sep-15,CS,7,$157.15,WA
,,08-Sep-15,CS,25,$686.25,WA
,,01-Sep-15,CS,13,$366.60,WA
,,15-Sep-15,CS,12,$269.40,WA
APPLES GOLD DEL 125/138 XF Total,,,,86,"$2,254.45",
APPLES GRANNY SMITH 125,1215,10-Sep-15,CS,9,$255.33,WA
,,17-Sep-15,CS,9,$255.33,WA
,,24-Sep-15,CS,13,$394.29,WA
,,28-Sep-15,CS,8,$247.36,WA
,,03-Sep-15,CS,1,$30.47,WA
,,14-Sep-15,CS,1,$28.37,WA
,,08-Sep-15,CS,14,$397.18,WA
,,21-Sep-15,CS,9,$272.97,WA
,,01-Sep-15,CS,5,$152.35,WA
,,15-Sep-15,CS,9,$255.33,WA
,,23-Sep-15,CS,6,$181.98,WA
,,29-Sep-15,CS,24,$742.08,WA
,,22-Sep-15,CS,8,$242.64,WA
APPLES GRANNY SMITH 125 Total,,,,116,"$3,455.68",
APPLES RED 113-138,1372,10-Sep-15,CS,22,$493.90,WA
,,17-Sep-15,CS,6,$134.70,WA
,,03-Sep-15,CS,16,$439.20,WA
,,14-Sep-15,CS,9,$202.05,WA
,,08-Sep-15,CS,19,$426.55,WA
,,01-Sep-15,CS,8,$219.60,WA
,,15-Sep-15,CS,9,$202.05,WA
APPLES RED 113-138 Total,,,,89,"$2,118.05",
APPLES RED DEL 125 XF,1390,10-Sep-15,CS,9,$210.33,WA
,,17-Sep-15,CS,22,$514.14,WA
,,24-Sep-15,CS,30,$863.10,WA
,,28-Sep-15,CS,17,$406.64,WA
,,03-Sep-15,CS,7,$160.65,WA
,,08-Sep-15,CS,12,$280.44,WA
,,21-Sep-15,CS,13,$374.01,WA
,,01-Sep-15,CS,18,$413.10,WA
,,15-Sep-15,CS,11,$257.07,WA
,,23-Sep-15,CS,9,$258.93,WA
,,29-Sep-15,CS,39,$932.88,WA
,,22-Sep-15,CS,18,$517.86,WA
APPLES RED DEL 125 XF Total,,,,205,"$5,189.15",
BANANAS IP 150 CT,1502,10-Sep-15,CS,13,$272.35,HONDURAS
,,17-Sep-15,CS,14,$293.30,HONDURAS
,,24-Sep-15,CS,16,$335.20,HONDURAS
,,28-Sep-15,CS,20,$419.00,HONDURAS
,,03-Sep-15,CS,13,$272.35,HONDURAS
,,14-Sep-15,CS,14,$293.30,HONDURAS
,,08-Sep-15,CS,34,$712.30,HONDURAS
,,21-Sep-15,CS,17,$356.15,HONDURAS
,,01-Sep-15,CS,20,$419.00,HONDURAS
,,15-Sep-15,CS,22,$460.90,HONDURAS
,,23-Sep-15,CS,7,$146.65,HONDURAS
,,29-Sep-15,CS,21,$439.95,HONDURAS
,,22-Sep-15,CS,14,$293.30,HONDURAS
BANANAS IP 150 CT Total,,,,225,"$4,713.75",
BERRIES BLUE 12/6 OZ,1549,17-Sep-15,CS,2,$49.90,MI
,,24-Sep-15,CS,1,$39.45,MI
,,28-Sep-15,CS,26,$804.70,MI
,,21-Sep-15,CS,2,$78.90,MI
,,29-Sep-15,CS,3,$92.85,MI
BERRIES BLUE 12/6 OZ Total,,,,34,"$1,065.80",
BERRIES RASP 12/6 OZ,1560,28-Sep-15,CS,23,$557.29,CA
BERRIES RASP 12/6 OZ Total,,,,23,$557.29,
BERRIES STRAW DRISCOLL 8/1 LB,1570,28-Sep-15,CS,21,$508.83,CA
,,14-Sep-15,CS,1,$24.44,CA
BERRIES STRAW DRISCOLL 8/1 LB Total,,,,22,$533.27,
BROCCOLI FLORETS---4/3 LB---,2506,10-Sep-15,CS,2,$56.60,CA
,,10-Sep-15,EA,2,$18.66,CA
,,17-Sep-15,CS,2,$40.38,CA
,,17-Sep-15,EA,2,$14.60,CA
,,24-Sep-15,CS,1,$28.30,CA
,,24-Sep-15,EA,7,$65.31,CA
,,28-Sep-15,CS,2,$39.60,CA
,,28-Sep-15,EA,2,$14.40,CA
,,03-Sep-15,CS,1,$27.88,CA
,,03-Sep-15,EA,2,$18.44,CA
,,14-Sep-15,CS,3,$60.57,CA
,,14-Sep-15,EA,2,$14.60,CA
,,08-Sep-15,CS,6,$169.80,CA
,,08-Sep-15,EA,3,$27.99,CA
,,21-Sep-15,EA,3,$27.99,CA
,,01-Sep-15,CS,3,$83.64,CA
,,01-Sep-15,EA,4,$36.88,CA
,,15-Sep-15,CS,2,$40.38,CA
,,15-Sep-15,EA,3,$21.90,CA
,,23-Sep-15,CS,1,$28.30,CA
,,23-Sep-15,EA,3,$27.99,CA
,,29-Sep-15,CS,1,$19.80,CA
,,29-Sep-15,EA,6,$43.20,CA
,,22-Sep-15,CS,2,$56.60,CA
,,22-Sep-15,EA,1,$9.33,CA
BROCCOLI FLORETS---4/3 LB--- Total,,,,66,$993.14,
CABBAGE GREEN CTN 16-18 CT,2530,17-Sep-15,CS,1,$20.95,FL
,,01-Sep-15,CS,1,$18.45,NC
,,01-Sep-15,EACH,13,$49.27,NC
,,15-Sep-15,EACH,3,$12.00,FL
CABBAGE GREEN CTN 16-18 CT Total,,,,18,$100.67,
CANTALOUPE 12 CT,1800,14-Sep-15,CS,43,$788.19,CA
CANTALOUPE 12 CT Total,,,,43,$788.19,
CARROT STICKS 4/5 LB,6060,24-Sep-15,EA,1,$8.92,CA
CARROT STICKS 4/5 LB Total,,,,1,$8.92,
CARROTS 100/2 OZ,6085,10-Sep-15,CS,8,$159.20,CA
,,17-Sep-15,CS,4,$79.24,CA
,,24-Sep-15,CS,6,$117.72,CA
,,28-Sep-15,CS,3,$55.56,CA
,,08-Sep-15,CS,3,$59.70,CA
,,21-Sep-15,CS,1,$19.62,CA
,,01-Sep-15,CS,9,$179.10,CA
,,15-Sep-15,CS,8,$158.48,CA
,,29-Sep-15,CS,3,$55.56,CA
,,22-Sep-15,CS,4,$78.48,CA
CARROTS 100/2 OZ Total,,,,49,$962.66,
CARROTS BABY PEELED 30/1 LB,2570,10-Sep-15,CS,1,$25.32,CA
,,17-Sep-15,EACH,3,$9.45,CA
,,24-Sep-15,CS,2,$49.94,CA
,,28-Sep-15,CS,3,$70.80,CA
,,28-Sep-15,EACH,2,$6.18,CA
,,03-Sep-15,CS,2,$60.98,CA
,,03-Sep-15,EACH,3,$10.02,CA
,,14-Sep-15,CS,3,$75.63,CA
,,08-Sep-15,CS,5,$126.60,CA
,,01-Sep-15,CS,1,$30.49,CA
,,01-Sep-15,EACH,1,$3.34,CA
,,29-Sep-15,CS,1,$23.60,CA
,,29-Sep-15,EACH,10,$30.90,CA
CARROTS BABY PEELED 30/1 LB Total,,,,37,$523.25,
CARROTS MATCHSTICK SHRED 4/5 LB,6080,10-Sep-15,EACH,2,$13.36,CA
,,17-Sep-15,EACH,2,$13.36,CA
,,24-Sep-15,CS,2,$35.12,CA
,,24-Sep-15,EACH,4,$26.56,CA
,,03-Sep-15,CS,1,$17.61,CA
,,03-Sep-15,EACH,1,$6.65,CA
,,14-Sep-15,EACH,2,$13.36,CA
,,08-Sep-15,CS,1,$17.71,CA
,,08-Sep-15,EACH,1,$6.68,CA
,,21-Sep-15,CS,1,$17.56,CA
,,21-Sep-15,EACH,1,$6.64,CA
,,01-Sep-15,EACH,2,$13.30,CA
,,15-Sep-15,EACH,6,$40.08,CA
,,23-Sep-15,EACH,1,$6.64,CA
,,29-Sep-15,CS,1,$17.10,CA
,,29-Sep-15,EACH,2,$13.06,CA
,,22-Sep-15,EACH,2,$13.28,CA
CARROTS MATCHSTICK SHRED 4/5 LB Total,,,,32,$278.07,
CELERY SLEEVED 30/36 CT,2660,10-Sep-15,CS,1,$25.73,CA
,,17-Sep-15,EACH,3,$9.66,CA
,,03-Sep-15,EACH,2,$6.50,CA
,,23-Sep-15,EACH,1,$3.23,CA
,,22-Sep-15,EACH,1,$3.23,CA
CELERY SLEEVED 30/36 CT Total,,,,8,$48.35,
CELERY STICKS 4/5 LB,6110,10-Sep-15,EACH,1,$10.56,CA
,,24-Sep-15,CS,1,$33.25,CA
,,28-Sep-15,CS,3,$78.15,CA
,,28-Sep-15,EACH,1,$8.76,CA
,,03-Sep-15,EACH,5,$44.45,CA
,,08-Sep-15,CS,5,$166.25,CA
,,08-Sep-15,EACH,1,$10.56,CA
,,21-Sep-15,CS,1,$33.25,CA
,,01-Sep-15,EACH,1,$8.89,CA
,,15-Sep-15,CS,1,$26.66,CA
,,23-Sep-15,CS,1,$33.25,CA
,,29-Sep-15,CS,1,$26.05,CA
,,22-Sep-15,CS,1,$33.25,CA
,,22-Sep-15,EACH,1,$10.56,CA
CELERY STICKS 4/5 LB Total,,,,24,$523.89,
CILANTRO 30 CT USA,5240,10-Sep-15,3 EA,1,$6.03,CA
,,24-Sep-15,3 EA,4,$24.12,CA
,,03-Sep-15,3 EA,2,$12.06,CA
,,08-Sep-15,3 EA,2,$12.06,CA
,,01-Sep-15,3 EA,3,$18.09,CA
,,15-Sep-15,3 EA,2,$7.50,CA
,,29-Sep-15,3 EA,1,$4.48,CA
CILANTRO 30 CT USA Total,,,,15,$84.34,
CUCUMBER HOT HOUSE 12 CT,2690,10-Sep-15,CS,2,$26.40,CA
,,17-Sep-15,CS,1,$11.95,CA
,,24-Sep-15,CS,2,$29.90,CA
,,28-Sep-15,CS,1,$14.88,CA
,,03-Sep-15,CS,2,$25.40,CA
,,14-Sep-15,CS,3,$35.85,CA
,,08-Sep-15,CS,6,$79.20,CA
,,21-Sep-15,CS,3,$44.85,CA
,,01-Sep-15,CS,1,$12.70,CA
,,15-Sep-15,CS,3,$35.85,CA
,,22-Sep-15,CS,1,$14.95,CA
CUCUMBER HOT HOUSE 12 CT Total,,,,25,$331.93,
CUCUMBER SELECT 1-1/9 BU,2710,10-Sep-15,3 #,4,$13.40,FL
,,10-Sep-15,CS,1,$18.76,FL
,,17-Sep-15,3 #,5,$16.20,FL
,,17-Sep-15,CS,1,$16.90,FL
,,24-Sep-15,3 #,4,$13.24,FL
,,24-Sep-15,CS,2,$36.02,FL
,,28-Sep-15,CS,2,$34.30,FL
,,03-Sep-15,3 #,5,$16.75,FL
,,14-Sep-15,3 #,1,$3.24,FL
,,14-Sep-15,CS,1,$16.90,FL
,,08-Sep-15,3 #,10,$33.50,FL
,,08-Sep-15,CS,2,$37.52,FL
,,21-Sep-15,3 #,3,$9.93,FL
,,01-Sep-15,3 #,9,$30.15,FL
,,15-Sep-15,3 #,9,$29.16,FL
,,15-Sep-15,CS,1,$16.90,FL
,,23-Sep-15,3 #,3,$9.93,FL
,,29-Sep-15,3 #,13,$42.38,FL
,,22-Sep-15,3 #,4,$13.24,FL
,,22-Sep-15,CS,1,$18.01,FL
CUCUMBER SELECT 1-1/9 BU Total,,,,81,$426.43,
EGGS LARGE 15 DZ USA,7910,10-Sep-15,CS,1,$41.05,FL
,,28-Sep-15,CS,1,$34.60,FL
,,08-Sep-15,CS,2,$82.10,FL
,,21-Sep-15,CS,1,$38.80,FL
,,01-Sep-15,CS,1,$43.00,FL
,,15-Sep-15,CS,2,$86.00,FL
,,29-Sep-15,CS,1,$34.60,FL
EGGS LARGE 15 DZ USA Total,,,,9,$360.15,
EGGS LARGE 30 DZ USA,7920,03-Sep-15,CS,1,$83.05,FL
,,21-Sep-15,CS,1,$74.65,FL
EGGS LARGE 30 DZ USA Total,,,,2,$157.70,
GRAPES GREEN SEEDLESS,1760,17-Sep-15,CS,1,$22.47,CA
,,24-Sep-15,CS,3,$65.82,CA
,,28-Sep-15,CS,2,$43.86,CA
,,03-Sep-15,CS,2,$56.86,CA
,,08-Sep-15,CS,46,"$1,006.48",CA
,,01-Sep-15,CS,4,$113.72,CA
,,15-Sep-15,CS,5,$112.35,CA
,,23-Sep-15,CS,2,$43.88,CA
,,29-Sep-15,CS,5,$109.65,CA
GRAPES GREEN SEEDLESS Total,,,,70,"$1,575.09",
HONEYDEW 5/6 CT,1820,21-Sep-15,CS,58,$932.64,CA
,,22-Sep-15,CS,-18,-$289.44,CA
HONEYDEW 5/6 CT Total,,,,40,$643.20,
KALE GREEN 24 CT USA,2140,10-Sep-15,CS,7,$97.65,SC
,,10-Sep-15,EA,12,$35.40,SC
,,17-Sep-15,CS,2,$44.90,SC
,,17-Sep-15,EA,6,$20.22,SC
,,24-Sep-15,CS,3,$41.85,SC
,,24-Sep-15,EA,12,$35.40,SC
,,28-Sep-15,CS,4,$55.80,SC
,,28-Sep-15,EA,3,$8.85,SC
,,03-Sep-15,CS,4,$89.80,SC
,,03-Sep-15,EA,1,$3.37,SC
,,14-Sep-15,CS,2,$44.90,SC
,,14-Sep-15,EA,5,$16.85,SC
,,08-Sep-15,CS,7,$97.65,SC
,,08-Sep-15,EA,31,$91.45,SC
,,21-Sep-15,CS,1,$13.95,SC
,,21-Sep-15,EA,3,$8.85,SC
,,01-Sep-15,CS,2,$44.90,SC
,,01-Sep-15,EA,22,$74.14,SC
,,15-Sep-15,CS,4,$89.80,SC
,,15-Sep-15,EA,12,$40.44,SC
,,23-Sep-15,CS,1,$13.95,SC
,,23-Sep-15,EA,7,$20.65,SC
,,29-Sep-15,CS,3,$41.85,SC
,,29-Sep-15,EA,15,$44.25,SC
,,22-Sep-15,CS,2,$27.90,SC
,,22-Sep-15,EA,4,$11.80,SC
KALE GREEN 24 CT USA Total,,,,175,"$1,116.57",
LEMONS 165 CT,1640,24-Sep-15,DOZ,4,$18.92,CA
,,28-Sep-15,DOZ,2,$9.50,CA
,,03-Sep-15,DOZ,1,$4.89,CA
,,14-Sep-15,DOZ,1,$4.78,CA
,,08-Sep-15,DOZ,3,$14.67,CA
,,01-Sep-15,DOZ,3,$14.67,CA
,,15-Sep-15,DOZ,1,$4.78,CA
,,29-Sep-15,DOZ,1,$4.75,CA
LEMONS 165 CT Total,,,,16,$76.96,
"LETTUCE 1/8"" SHRED 4/5 LB",6180,10-Sep-15,EACH,9,$68.85,CA
,,17-Sep-15,CS,1,$21.59,CA
,,17-Sep-15,EACH,7,$53.55,CA
,,24-Sep-15,CS,1,$21.59,CA
,,24-Sep-15,EACH,11,$84.15,CA
,,28-Sep-15,CS,4,$94.36,CA
,,03-Sep-15,CS,1,$21.59,CA
,,03-Sep-15,EACH,7,$53.55,CA
,,14-Sep-15,CS,3,$64.77,CA
,,14-Sep-15,EACH,2,$15.30,CA
,,08-Sep-15,CS,8,$172.72,CA
,,08-Sep-15,EACH,7,$53.55,CA
,,21-Sep-15,CS,2,$43.18,CA
,,21-Sep-15,EACH,1,$7.65,CA
,,01-Sep-15,CS,5,$107.95,CA
,,01-Sep-15,EACH,3,$22.95,CA
,,15-Sep-15,CS,6,$129.54,CA
,,15-Sep-15,EACH,8,$61.20,CA
,,23-Sep-15,CS,2,$43.18,CA
,,23-Sep-15,EACH,2,$15.30,CA
,,29-Sep-15,CS,8,$188.72,CA
,,29-Sep-15,EACH,7,$57.05,CA
,,22-Sep-15,CS,2,$43.18,CA
,,22-Sep-15,EACH,2,$15.30,CA
"LETTUCE 1/8"" SHRED 4/5 LB Total",,,,109,"$1,460.77",
LETTUCE SWEET SPRING MIX 3/1 LB,2220,17-Sep-15,CS,2,$37.50,CA
,,24-Sep-15,CS,3,$34.35,CA
,,03-Sep-15,CS,1,$10.53,CA
,,08-Sep-15,CS,1,$10.58,CA
,,01-Sep-15,CS,1,$10.53,CA
,,29-Sep-15,CS,2,$23.60,CA
,,22-Sep-15,CS,2,$22.90,CA
LETTUCE SWEET SPRING MIX 3/1 LB Total,,,,12,$149.99,
ONIONS RED JUMBO 25 LB,4810,24-Sep-15,5 #,1,$6.45,CA
,,08-Sep-15,5 #,1,$6.83,CA
,,08-Sep-15,CS,1,$18.31,CA
,,21-Sep-15,5 #,1,$6.45,CA
,,01-Sep-15,5 #,1,$6.93,CA
,,22-Sep-15,5 #,1,$6.45,CA
ONIONS RED JUMBO 25 LB Total,,,,6,$51.42,
ONIONS YELLOW JUMBO ROUND 50 LB,4850,10-Sep-15,5 #,2,$8.12,CA
,,17-Sep-15,5 #,3,$12.12,CA
,,24-Sep-15,5 #,2,$7.96,CA
,,24-Sep-15,CS,1,$15.60,CA
,,03-Sep-15,5 #,5,$21.85,CA
,,14-Sep-15,5 #,1,$4.04,CA
,,08-Sep-15,5 #,5,$20.30,CA
,,08-Sep-15,CS,2,$32.50,CA
,,01-Sep-15,5 #,9,$39.33,CA
,,15-Sep-15,5 #,9,$36.36,CA
,,23-Sep-15,5 #,1,$3.98,CA
,,29-Sep-15,5 #,5,$21.30,CA
,,22-Sep-15,5 #,2,$7.96,CA
ONIONS YELLOW JUMBO ROUND 50 LB Total,,,,47,$231.42,
PEARS ASIAN 16 CT,1945,10-Sep-15,CS,1,$24.14,CA
,,08-Sep-15,CS,110,"$2,655.40",CA
PEARS ASIAN 16 CT Total,,,,111,"$2,679.54",
PEARS BARTLETT  90,1880,01-Sep-15,CS,1,$30.47,WA
PEARS BARTLETT  90 Total,,,,1,$30.47,
PEARS D'ANJOU 90,1930,08-Sep-15,CS,1,$27.20,WA
,,29-Sep-15,CS,1,$36.33,WA
,,22-Sep-15,CS,1,$36.33,WA
PEARS D'ANJOU 90 Total,,,,3,$99.86,
PEPPER GREEN LARGE 1-1/9 BU,2820,10-Sep-15,5 #,6,$42.54,NJ
,,17-Sep-15,5 #,5,$33.95,NJ
,,17-Sep-15,CS,1,$18.17,NJ
,,24-Sep-15,5 #,5,$36.20,NJ
,,24-Sep-15,CS,2,$39.90,NJ
,,03-Sep-15,5 #,7,$49.56,NJ
,,03-Sep-15,CS,1,$19.31,NJ
,,14-Sep-15,5 #,1,$6.79,NJ
,,08-Sep-15,5 #,9,$63.81,NJ
,,08-Sep-15,CS,3,$58.05,NJ
,,21-Sep-15,5 #,4,$28.96,NJ
,,01-Sep-15,5 #,11,$77.88,NJ
,,15-Sep-15,5 #,10,$67.90,NJ
,,23-Sep-15,5 #,2,$14.48,NJ
,,29-Sep-15,5 #,4,$26.96,NJ
,,29-Sep-15,CS,1,$17.97,NJ
,,22-Sep-15,5 #,5,$36.20,NJ
,,22-Sep-15,CS,1,$19.95,NJ
PEPPER GREEN LARGE 1-1/9 BU Total,,,,78,$658.58,
PEPPER RED 1-1/9 BU,2870,21-Sep-15,2 #,1,$6.82,AZ
,,01-Sep-15,2 #,2,$13.00,AZ
,,15-Sep-15,2 #,2,$12.48,AZ
,,29-Sep-15,2 #,1,$4.89,AZ
,,22-Sep-15,2 #,1,$6.82,AZ
PEPPER RED 1-1/9 BU Total,,,,7,$44.01,
POTATOES IDAHO 080 CT,4308,01-Sep-15,5 #,-10,-$43.50,ID
POTATOES IDAHO 080 CT Total,,,,-10,-$43.50,
POTATOES IDAHO 100 CT CARTON,4310B,01-Sep-15,CS,11,$168.74,ID
POTATOES IDAHO 100 CT CARTON Total,,,,11,$168.74,
RADISH RED 14/1 LB,3007,01-Sep-15,EA,2,$6.76,MI
RADISH RED 14/1 LB Total,,,,2,$6.76,
ROMAINE CHOPPED 6/2 LB,6300,10-Sep-15,CS,14,$280.84,CA
,,17-Sep-15,CS,16,$320.96,CA
,,24-Sep-15,CS,15,$329.25,CA
,,24-Sep-15,EACH,6,$38.58,CA
,,28-Sep-15,CS,11,$191.95,CA
,,03-Sep-15,CS,11,$220.66,CA
,,14-Sep-15,CS,13,$260.78,CA
,,08-Sep-15,CS,36,$722.16,CA
,,21-Sep-15,CS,13,$285.35,CA
,,01-Sep-15,CS,16,$320.96,CA
,,15-Sep-15,CS,20,$401.20,CA
,,23-Sep-15,CS,4,$87.80,CA
,,29-Sep-15,CS,18,$314.10,CA
,,29-Sep-15,EACH,4,$22.28,CA
,,22-Sep-15,CS,6,$131.70,CA
,,02-Sep-15,CS,1,$20.06,CA
ROMAINE CHOPPED 6/2 LB Total,,,,204,"$3,948.63",
SALAD SEPARATE W/COLOR 4/5 LB,6340,17-Sep-15,CS,1,$23.25,CA
,,08-Sep-15,CS,3,$69.75,CA
,,01-Sep-15,CS,2,$46.50,CA
,,15-Sep-15,CS,4,$93.00,CA
,,29-Sep-15,CS,4,$70.60,CA
,,22-Sep-15,CS,1,$18.11,CA
SALAD SEPARATE W/COLOR 4/5 LB Total,,,,15,$321.21,
SPINACH 4/2.5 LB,2320,08-Sep-15,EACH,1,$7.75,CA
,,15-Sep-15,EACH,2,$15.50,CA
,,29-Sep-15,CS,1,$17.92,CA
,,22-Sep-15,EACH,1,$7.49,CA
SPINACH 4/2.5 LB Total,,,,5,$48.66,
TOMATOES 6X6 25 LB,5880,10-Sep-15,5 #,5,$36.40,TN
,,10-Sep-15,CS,3,$60.39,TN
,,17-Sep-15,5 #,5,$36.15,TN
,,17-Sep-15,CS,3,$59.79,TN
,,24-Sep-15,5 #,6,$43.74,TN
,,24-Sep-15,CS,1,$20.16,TN
,,28-Sep-15,CS,2,$42.32,TN
,,03-Sep-15,5 #,4,$29.12,TN
,,03-Sep-15,CS,2,$40.26,TN
,,14-Sep-15,CS,4,$79.72,TN
,,08-Sep-15,5 #,3,$21.84,TN
,,08-Sep-15,CS,13,$261.69,TN
,,21-Sep-15,CS,2,$40.32,TN
,,01-Sep-15,5 #,2,$14.56,TN
,,01-Sep-15,CS,3,$60.39,TN
,,15-Sep-15,5 #,4,$28.92,TN
,,15-Sep-15,CS,5,$99.65,TN
,,29-Sep-15,5 #,3,$22.62,TN
,,29-Sep-15,CS,9,$190.44,TN
,,22-Sep-15,CS,4,$80.64,TN
TOMATOES 6X6 25 LB Total,,,,83,"$1,269.12",
TOMATOES CHERRY 12/1 PINT,5820,10-Sep-15,CS,2,$47.60,FL
,,10-Sep-15,EACH,6,$27.78,FL
,,24-Sep-15,EACH,2,$8.92,GA
,,03-Sep-15,CS,1,$23.80,GA
,,14-Sep-15,CS,2,$44.80,GA
,,08-Sep-15,CS,1,$23.80,GA
,,23-Sep-15,CS,1,$22.14,GA
TOMATOES CHERRY 12/1 PINT Total,,,,15,$198.84,
TOMATOES GRAPE 12/1 PINT,5840,10-Sep-15,CS,1,$17.44,FL
,,10-Sep-15,EACH,4,$14.80,FL
,,17-Sep-15,CS,2,$27.04,FL
,,17-Sep-15,EACH,6,$20.28,FL
,,24-Sep-15,CS,4,$55.32,FL
,,24-Sep-15,EACH,12,$40.80,FL
,,28-Sep-15,CS,2,$27.68,FL
,,03-Sep-15,CS,2,$36.88,FL
,,03-Sep-15,EACH,16,$60.64,FL
,,14-Sep-15,CS,4,$54.08,GA
,,08-Sep-15,CS,8,$139.52,FL
,,21-Sep-15,CS,2,$27.66,GA
,,01-Sep-15,CS,7,$129.08,GA
,,15-Sep-15,CS,8,$108.16,GA
,,29-Sep-15,CS,3,$41.52,FL
,,29-Sep-15,EACH,6,$20.40,FL
,,22-Sep-15,CS,2,$27.66,FL
,,18-Sep-15,CS,-0.08,-$1.08,GA
TOMATOES GRAPE 12/1 PINT Total,,,,88.92,$847.88,
GRAPES RED SEEDLESS,1750,10-Sep-15,CS,1,$24.13,CA
,,24-Sep-15,CS,1,$23.94,CA
,,14-Sep-15,CS,48,"$1,149.12",CA
,,08-Sep-15,CS,1,$24.13,CA
,,01-Sep-15,CS,3,$85.29,CA
,,15-Sep-15,CS,4,$95.76,CA
,,23-Sep-15,CS,1,$23.94,CA
,,29-Sep-15,CS,2,$43.86,CA
,,22-Sep-15,CS,4,$95.76,CA
GRAPES RED SEEDLESS Total,,,,65,"$1,565.93",
ORANGE CA 138,1690,10-Sep-15,CS,28,$805.56,CA
,,17-Sep-15,CS,27,$841.32,CA
,,24-Sep-15,CS,26,$858.26,CA
,,28-Sep-15,CS,23,$769.35,CA
,,03-Sep-15,CS,22,$663.52,CA
,,14-Sep-15,CS,15,$467.40,CA
,,08-Sep-15,CS,38,"$1,093.26",CA
,,21-Sep-15,CS,20,$660.20,CA
,,01-Sep-15,CS,32,$965.12,CA
,,15-Sep-15,CS,25,$779.00,CA
,,23-Sep-15,CS,7,$231.07,CA
,,29-Sep-15,CS,23,$769.35,CA
,,22-Sep-15,CS,12,$396.12,CA
,,09-Sep-15,CS,4,$115.08,CA
ORANGE CA 138 Total,,,,302,"$9,414.61",
BERRIES BLACK 12/6 OZ,1540,28-Sep-15,CS,21,$628.53,GUATEMALA
BERRIES BLACK 12/6 OZ Total,,,,21,$628.53,
SQUASH YELLOW MEDIUM,4160,10-Sep-15,CS,1,$20.95,FL
,,24-Sep-15,CS,1,$10.35,FL
SQUASH YELLOW MEDIUM Total,,,,2,$31.30,
KIWI TRAY 27/36,1780,10-Sep-15,CS,1,$12.92,CHILI
KIWI TRAY 27/36 Total,,,,1,$12.92,
ASPARAGUS STANDARD 11 LB,2410,28-Sep-15,CS,41,"$1,238.61",PERU
ASPARAGUS STANDARD 11 LB Total,,,,41,"$1,238.61",
JICAMA ROOT 40 LB,3050,08-Sep-15,CS,23,$570.40,MEXICO
JICAMA ROOT 40 LB Total,,,,23,$570.40,
LETTUCE BUTTER 24 CT,2150,28-Sep-15,CS,8,$140.32,CA
,,29-Sep-15,CS,14,$245.56,CA
LETTUCE BUTTER 24 CT Total,,,,22,$385.88,
PLUMS RED VF,1967,24-Sep-15,CS,3,$74.04,CA
,,21-Sep-15,CS,64,"$1,579.52",CA
,,22-Sep-15,CS,1,$24.68,CA
PLUMS RED VF Total,,,,68,"$1,678.24",
POTATO SWEET  90 CT,4690,14-Sep-15,CS,14,$212.10,NC
POTATO SWEET  90 CT Total,,,,14,$212.10,
POTATOES PURPLE 50 LB S/O,4255,21-Sep-15,CS,28,"$1,230.60",CA
POTATOES PURPLE 50 LB S/O Total,,,,28,"$1,230.60",
TOMATILLOS 35-40 LB MEXICO,5810,14-Sep-15,5 #,28,$152.32,MEXICO
,,14-Sep-15,CS,10,$191.10,MEXICO
TOMATILLOS 35-40 LB MEXICO Total,,,,38,$343.42,
TOMATOES ROMA 25 LB,5850,24-Sep-15,CS,1,$16.37,TN
,,21-Sep-15,CS,40,$654.80,TN
,,23-Sep-15,CS,1,$16.37,TN
TOMATOES ROMA 25 LB Total,,,,42,$687.54,
WATERMELON SDLS 4/5 CT,1830,28-Sep-15,EACH,73,$561.37,FL
,,03-Sep-15,EACH,4,$39.12,FL
,,15-Sep-15,EACH,5,$37.60,FL
WATERMELON SDLS 4/5 CT Total,,,,82,$638.09,
CABBAGE GRN SHRED 4/5  W/SEP COLOR,6040,10-Sep-15,EACH,3,$23.55,CA
,,17-Sep-15,CS,1,$16.06,CA
,,17-Sep-15,EACH,1,$6.84,CA
,,24-Sep-15,EACH,4,$26.60,CA
,,08-Sep-15,CS,1,$19.59,CA
,,08-Sep-15,EACH,5,$39.25,CA
,,01-Sep-15,CS,1,$19.59,CA
,,01-Sep-15,EACH,2,$15.70,CA
,,15-Sep-15,CS,1,$16.06,CA
,,29-Sep-15,CS,1,$15.87,CA
,,29-Sep-15,EACH,6,$40.68,CA
CABBAGE GRN SHRED 4/5  W/SEP COLOR Total,,,,26,$239.79,
"PEACHES 25 LB 2 1/2""",1872,10-Sep-15,CS,2,$38.08,NJ
,,17-Sep-15,CS,6,$114.24,NJ
,,03-Sep-15,CS,3,$57.12,NJ
,,08-Sep-15,CS,9,$171.36,NJ
,,01-Sep-15,CS,6,$114.24,NJ
,,15-Sep-15,CS,8,$152.32,NJ
,,29-Sep-15,CS,7,$142.66,NJ
,,22-Sep-15,CS,10,$200.30,NJ
"PEACHES 25 LB 2 1/2"" Total",,,,51,$990.32,
PEARS BARTLETT 80/90,1880,10-Sep-15,CS,1,$30.47,WA
,,17-Sep-15,CS,3,$71.55,WA
,,24-Sep-15,CS,3,$90.99,WA
,,15-Sep-15,CS,1,$23.85,WA
,,29-Sep-15,CS,1,$28.92,WA
PEARS BARTLETT 80/90 Total,,,,9,$245.78,
GRAPES RED MUSCADINE 20 LB,1762,01-Sep-15,CS,23,$619.85,SC
,,04-Sep-15,CS,-8,-$215.60,SC
GRAPES RED MUSCADINE 20 LB Total,,,,15,$404.25,
ROMAINE  LINER 24 CT,2270,10-Sep-15,CS,4,$127.72,CA
,,14-Sep-15,CS,1,$31.93,CA
,,08-Sep-15,CS,4,$127.72,CA
,,01-Sep-15,CS,1,$26.47,CA
,,15-Sep-15,CS,1,$31.93,CA
ROMAINE  LINER 24 CT Total,,,,11,$345.77,
BERRIES BLUE 12/1 PINT,1550,14-Sep-15,CS,3,$98.76,MI
,,08-Sep-15,CS,5,$164.60,MI
,,01-Sep-15,CS,1,$33.95,MI
,,15-Sep-15,CS,2,$65.84,MI
BERRIES BLUE 12/1 PINT Total,,,,11,$363.15,
MINT 1 LB,5300,28-Sep-15,CS,3,$26.22,COLUMBIA
MINT 1 LB Total,,,,3,$26.22,
POTATO SWEET JUMBO 40 LB,4610,14-Sep-15,CS,17,$273.87,NC
,,15-Sep-15,CS,-5,-$80.55,NC
POTATO SWEET JUMBO 40 LB Total,,,,12,$193.32,
ROMAINE LINER 24 CT,2270,24-Sep-15,CS,1,$36.56,CA
,,28-Sep-15,CS,1,$25.92,CA
,,23-Sep-15,CS,1,$36.56,CA
,,29-Sep-15,CS,1,$25.92,CA
,,22-Sep-15,CS,1,$36.56,CA
ROMAINE LINER 24 CT Total,,,,5,$161.52,
APPLES GRANNY SMITH 125,1215,01-Oct-15,CS,11,$340.12,WA
,,08-Oct-15,6CT,4,$15.16,WA
,,15-Oct-15,6CT,11,$40.69,WA
,,15-Oct-15,CS,2,$57.70,WA
,,22-Oct-15,6CT,3,$11.07,WA
,,22-Oct-15,CS,9,$259.65,WA
,,12-Oct-15,6CT,8,$30.32,WA
,,29-Oct-15,CS,5,$151.75,WA
,,19-Oct-15,6CT,2,$7.38,WA
,,26-Oct-15,CS,7,$212.45,WA
,,05-Oct-15,6CT,13,$49.27,WA
,,27-Oct-15,CS,17,$515.95,WA
,,06-Oct-15,6CT,4,$15.16,WA
,,06-Oct-15,CS,1,$30.80,WA
,,13-Oct-15,6CT,1,$3.79,WA
,,20-Oct-15,6CT,11,$40.59,WA
APPLES GRANNY SMITH 125 Total,,,,109,"$1,781.85",
APPLES RED DEL 125 XF,1390,01-Oct-15,CS,34,$813.28,WA
,,08-Oct-15,CS,34,$818.04,WA
,,15-Oct-15,CS,42,"$1,060.68",WA
,,22-Oct-15,CS,33,$772.20,WA
,,12-Oct-15,CS,10,$240.60,WA
,,29-Oct-15,CS,24,$582.72,WA
,,19-Oct-15,CS,17,$397.80,WA
,,26-Oct-15,CS,21,$509.88,WA
,,05-Oct-15,CS,23,$553.38,WA
,,27-Oct-15,CS,33,$801.24,WA
,,06-Oct-15,CS,42,"$1,010.52",WA
,,13-Oct-15,CS,43,"$1,038.76",WA
,,20-Oct-15,CS,46,"$1,076.40",WA
,,21-Oct-15,CS,3,$70.20,WA
APPLES RED DEL 125 XF Total,,,,405,"$9,745.70",
BANANAS IP 150 CT,1502,01-Oct-15,CS,17,$356.15,HONDURAS
,,08-Oct-15,CS,16,$335.20,HONDURAS
,,15-Oct-15,CS,16,$335.20,HONDURAS
,,22-Oct-15,CS,15,$314.25,HONDURAS
,,12-Oct-15,CS,15,$314.25,HONDURAS
,,29-Oct-15,CS,8,$167.60,HONDURAS
,,19-Oct-15,CS,19,$398.05,HONDURAS
,,26-Oct-15,CS,22,$460.90,HONDURAS
,,05-Oct-15,CS,23,$481.85,HONDURAS
,,27-Oct-15,CS,19,$398.05,HONDURAS
,,06-Oct-15,CS,20,$419.00,HONDURAS
,,13-Oct-15,CS,21,$439.95,HONDURAS
,,20-Oct-15,CS,20,$419.00,HONDURAS
,,21-Oct-15,CS,3,$62.85,HONDURAS
,,14-Oct-15,CS,0,$0.00,HONDURAS
BANANAS IP 150 CT Total,,,,234,"$4,902.30",
BERRIES BLUE 12/6 OZ,1549,01-Oct-15,CS,1,$30.95,MI
,,15-Oct-15,CS,3,$111.57,MI
,,12-Oct-15,CS,2,$66.40,MI
,,19-Oct-15,CS,1,$52.70,MI
,,05-Oct-15,CS,6,$199.20,MI
,,27-Oct-15,CS,1,$54.70,MI
,,06-Oct-15,EA,11,$55.22,MI
,,13-Oct-15,CS,3,$99.60,MI
BERRIES BLUE 12/6 OZ Total,,,,28,$670.34,
BERRIES STRAW DRISCOLL 8/1 LB,1570,01-Oct-15,CS,1,$24.23,CA
,,15-Oct-15,CS,1,$28.45,CA
,,12-Oct-15,CS,2,$49.10,CA
,,12-Oct-15,EACH,3,$16.56,CA
,,19-Oct-15,CS,1,$31.95,CA
,,26-Oct-15,CS,1,$28.54,CA
,,05-Oct-15,CS,8,$196.40,CA
,,06-Oct-15,CS,2,$49.10,CA
,,13-Oct-15,CS,4,$98.20,CA
,,21-Oct-15,CS,2,$63.90,CA
BERRIES STRAW DRISCOLL 8/1 LB Total,,,,25,$586.43,
BROCCOLI FLORETS---4/3 LB---,2506,01-Oct-15,CS,4,$79.20,CA
,,01-Oct-15,EA,10,$72.00,CA
,,08-Oct-15,CS,4,$111.52,CA
,,08-Oct-15,EA,3,$27.66,CA
,,15-Oct-15,CS,3,$83.64,CA
,,15-Oct-15,EA,4,$36.88,CA
,,22-Oct-15,CS,3,$84.90,CA
,,22-Oct-15,EA,7,$65.31,CA
,,12-Oct-15,CS,7,$195.16,CA
,,29-Oct-15,EA,7,$61.04,CA
,,19-Oct-15,CS,5,$141.50,CA
,,19-Oct-15,EA,6,$55.98,CA
,,26-Oct-15,CS,1,$25.88,CA
,,26-Oct-15,EA,2,$17.44,CA
,,05-Oct-15,CS,6,$167.28,CA
,,05-Oct-15,EA,6,$55.32,CA
,,27-Oct-15,EA,3,$26.16,CA
,,06-Oct-15,CS,3,$83.64,CA
,,06-Oct-15,EA,6,$55.32,CA
,,13-Oct-15,CS,1,$27.88,CA
,,13-Oct-15,EA,8,$73.76,CA
,,20-Oct-15,CS,4,$113.20,CA
,,20-Oct-15,EA,7,$65.31,CA
,,21-Oct-15,CS,2,$56.60,CA
,,02-Oct-15,CS,-1,-$28.30,CA
BROCCOLI FLORETS---4/3 LB--- Total,,,,111,"$1,754.28",
CABBAGE GREEN CTN 16-18 CT,2530,15-Oct-15,CS,1,$19.95,NC
CABBAGE GREEN CTN 16-18 CT Total,,,,1,$19.95,
CANTALOUPE 12 CT,1800,01-Oct-15,CS,1,$18.22,CA
,,12-Oct-15,EACH,6,$25.98,CA
,,29-Oct-15,CS,1,$21.90,CA
,,19-Oct-15,CS,1,$23.45,CA
,,05-Oct-15,CS,8,$166.08,CA
,,06-Oct-15,CS,1,$20.76,CA
CANTALOUPE 12 CT Total,,,,18,$276.39,
CARROT STICKS 4/5 LB,6060,01-Oct-15,CS,1,$25.43,CA
,,15-Oct-15,EA,3,$26.82,CA
,,22-Oct-15,EA,1,$8.84,CA
,,29-Oct-15,EA,1,$12.17,CA
,,06-Oct-15,EA,1,$8.94,CA
CARROT STICKS 4/5 LB Total,,,,7,$82.20,
CARROTS 100/2 OZ,6085,01-Oct-15,CS,11,$203.72,CA
,,08-Oct-15,CS,9,$177.12,CA
,,15-Oct-15,CS,10,$194.60,CA
,,29-Oct-15,CS,3,$58.02,CA
,,19-Oct-15,CS,3,$58.02,CA
,,26-Oct-15,CS,5,$96.70,CA
,,05-Oct-15,CS,2,$39.36,CA
,,27-Oct-15,CS,5,$96.70,CA
,,06-Oct-15,CS,5,$98.40,CA
,,13-Oct-15,CS,7,$137.32,CA
,,20-Oct-15,CS,4,$77.36,CA
,,21-Oct-15,CS,2,$38.68,CA
CARROTS 100/2 OZ Total,,,,66,"$1,276.00",
CARROTS BABY PEELED 30/1 LB,2570,01-Oct-15,CS,1,$23.60,CA
,,08-Oct-15,CS,1,$24.03,CA
,,08-Oct-15,EACH,8,$24.88,CA
,,15-Oct-15,CS,1,$24.50,CA
,,22-Oct-15,CS,8,$230.40,CA
,,12-Oct-15,CS,2,$48.06,CA
,,29-Oct-15,CS,1,$24.62,CA
,,19-Oct-15,CS,3,$86.40,CA
,,19-Oct-15,EACH,15,$49.20,CA
,,26-Oct-15,CS,3,$73.86,CA
,,23-Oct-15,CS,-7,-$201.60,CA
,,05-Oct-15,CS,5,$120.15,CA
,,06-Oct-15,CS,1,$24.03,CA
,,13-Oct-15,CS,2,$48.06,CA
,,13-Oct-15,EACH,10,$31.10,CA
,,20-Oct-15,CS,2,$57.60,CA
,,20-Oct-15,EACH,10,$32.80,CA
CARROTS BABY PEELED 30/1 LB Total,,,,66,$721.69,
CARROTS MATCHSTICK SHRED 4/5 LB,6080,01-Oct-15,EACH,6,$39.18,CA
,,08-Oct-15,EACH,4,$26.24,CA
,,15-Oct-15,EACH,5,$32.11,CA
,,22-Oct-15,CS,1,$22.95,CA
,,22-Oct-15,EACH,2,$15.98,CA
,,12-Oct-15,CS,1,$17.22,CA
,,29-Oct-15,EACH,1,$6.38,CA
,,19-Oct-15,CS,1,$22.95,CA
,,19-Oct-15,EACH,2,$15.98,CA
,,26-Oct-15,EACH,4,$25.52,CA
,,05-Oct-15,EACH,3,$19.68,CA
,,27-Oct-15,CS,1,$16.53,CA
,,27-Oct-15,EACH,1,$6.38,CA
,,06-Oct-15,EACH,2,$13.12,CA
,,13-Oct-15,CS,2,$34.44,CA
,,13-Oct-15,EACH,5,$32.80,CA
,,20-Oct-15,CS,1,$22.95,CA
,,20-Oct-15,EACH,6,$47.94,CA
CARROTS MATCHSTICK SHRED 4/5 LB Total,,,,48,$418.35,
CELERY SLEEVED 30/36 CT,2660,01-Oct-15,EACH,2,$6.40,CA
,,27-Oct-15,EACH,8,$26.08,CA
,,06-Oct-15,EACH,7,$22.96,CA
CELERY SLEEVED 30/36 CT Total,,,,17,$55.44,
CELERY STICKS 4/5 LB,6110,01-Oct-15,CS,2,$52.10,CA
,,08-Oct-15,CS,2,$52.34,CA
,,12-Oct-15,CS,1,$26.17,CA
,,19-Oct-15,CS,1,$33.30,CA
,,19-Oct-15,EACH,3,$31.74,CA
,,26-Oct-15,CS,1,$25.48,CA
,,05-Oct-15,CS,2,$52.34,CA
,,13-Oct-15,CS,1,$26.17,CA
,,13-Oct-15,EACH,1,$8.79,CA
,,20-Oct-15,EACH,1,$10.58,CA
,,21-Oct-15,CS,1,$33.30,CA
CELERY STICKS 4/5 LB Total,,,,16,$352.31,
CILANTRO 30 CT USA,5240,01-Oct-15,3 EA,1,$4.48,CA
,,08-Oct-15,3 EA,3,$13.05,CA
,,15-Oct-15,3 EA,1,$4.15,CA
,,22-Oct-15,3 EA,2,$8.06,CA
,,05-Oct-15,3 EA,1,$4.35,CA
,,06-Oct-15,3 EA,1,$4.35,CA
CILANTRO 30 CT USA Total,,,,9,$38.44,
CUCUMBER HOT HOUSE 12 CT,2690,01-Oct-15,CS,1,$14.88,CA
,,15-Oct-15,CS,2,$29.22,CA
,,12-Oct-15,CS,2,$28.54,CA
,,29-Oct-15,CS,2,$35.90,CA
,,19-Oct-15,CS,3,$50.85,CA
,,26-Oct-15,CS,2,$35.90,CA
,,05-Oct-15,CS,5,$71.35,CA
,,27-Oct-15,CS,2,$35.90,CA
,,06-Oct-15,CS,1,$14.27,CA
,,13-Oct-15,CS,3,$43.49,CA
,,20-Oct-15,CS,2,$33.90,CA
CUCUMBER HOT HOUSE 12 CT Total,,,,25,$394.20,
CUCUMBER SELECT 1-1/9 BU,2710,01-Oct-15,3 #,11,$35.86,FL
,,01-Oct-15,CS,2,$34.30,FL
,,08-Oct-15,3 #,6,$18.60,FL
,,08-Oct-15,CS,1,$14.37,FL
,,15-Oct-15,3 #,8,$24.56,FL
,,15-Oct-15,CS,1,$13.74,FL
,,22-Oct-15,3 #,7,$21.49,FL
,,22-Oct-15,CS,1,$13.92,FL
,,12-Oct-15,CS,2,$28.74,FL
,,29-Oct-15,3 #,5,$15.70,FL
,,26-Oct-15,3 #,1,$3.14,FL
,,26-Oct-15,CS,2,$30.42,FL
,,05-Oct-15,CS,1,$14.37,FL
,,27-Oct-15,3 #,4,$12.56,FL
,,06-Oct-15,3 #,7,$21.70,FL
,,06-Oct-15,CS,1,$14.37,FL
,,13-Oct-15,3 #,7,$21.66,FL
,,13-Oct-15,CS,1,$14.37,FL
,,20-Oct-15,3 #,4,$12.28,FL
,,21-Oct-15,CS,1,$13.92,FL
CUCUMBER SELECT 1-1/9 BU Total,,,,73,$380.07,
EGGS LARGE 15 DZ USA,7910,08-Oct-15,CS,2,$69.20,FL
,,22-Oct-15,CS,2,$63.50,FL
,,12-Oct-15,CS,1,$34.60,FL
,,29-Oct-15,CS,3,$78.15,FL
,,19-Oct-15,CS,2,$63.50,FL
,,26-Oct-15,CS,2,$52.10,FL
,,05-Oct-15,CS,2,$69.20,FL
,,27-Oct-15,CS,2,$52.10,FL
,,06-Oct-15,CS,1,$34.60,FL
,,13-Oct-15,CS,1,$31.75,FL
,,20-Oct-15,CS,1,$31.75,FL
EGGS LARGE 15 DZ USA Total,,,,19,$580.45,
EGGS LARGE 30 DZ USA,7920,05-Oct-15,CS,1,$66.25,FL
EGGS LARGE 30 DZ USA Total,,,,1,$66.25,
GRAPEFRUIT RED 36-40 CT,1620,12-Oct-15,CS,27,$815.13,FL
,,26-Oct-15,CS,3,$98.40,FL
GRAPEFRUIT RED 36-40 CT Total,,,,30,$913.53,
GRAPES GREEN SEEDLESS,1760,01-Oct-15,CS,4,$87.72,CA
,,12-Oct-15,2 #,1,$5.70,CA
,,19-Oct-15,CS,1,$31.95,CA
,,26-Oct-15,CS,1,$35.95,CA
,,05-Oct-15,CS,9,$233.10,CA
,,27-Oct-15,CS,2,$71.90,CA
,,06-Oct-15,CS,4,$103.60,CA
,,13-Oct-15,CS,3,$86.80,CA
,,20-Oct-15,CS,2,$63.90,CA
,,21-Oct-15,CS,2,$63.90,CA
GRAPES GREEN SEEDLESS Total,,,,29,$784.52,
HONEYDEW 5/6 CT,1820,01-Oct-15,CS,1,$15.86,CA
,,05-Oct-15,CS,3,$50.82,CA
,,06-Oct-15,CS,1,$16.94,CA
HONEYDEW 5/6 CT Total,,,,5,$83.62,
KALE GREEN 24 CT USA,2140,01-Oct-15,CS,7,$97.65,SC
,,01-Oct-15,EA,7,$20.65,SC
,,08-Oct-15,CS,5,$117.25,SC
,,08-Oct-15,EA,4,$13.68,SC
,,15-Oct-15,CS,4,$63.80,SC
,,15-Oct-15,EA,6,$20.52,SC
,,22-Oct-15,CS,4,$53.80,SC
,,22-Oct-15,EA,10,$29.20,SC
,,12-Oct-15,CS,3,$70.35,SC
,,12-Oct-15,EA,3,$10.26,SC
,,29-Oct-15,CS,7,$178.15,SC
,,29-Oct-15,EA,4,$14.08,SC
,,19-Oct-15,CS,3,$40.35,SC
,,19-Oct-15,EA,7,$20.44,SC
,,26-Oct-15,CS,2,$50.90,SC
,,26-Oct-15,EA,16,$56.32,SC
,,05-Oct-15,CS,3,$70.35,SC
,,05-Oct-15,EA,10,$34.20,SC
,,27-Oct-15,CS,3,$76.35,SC
,,27-Oct-15,EA,16,$56.32,SC
,,06-Oct-15,CS,3,$70.35,SC
,,06-Oct-15,EA,8,$27.36,SC
,,13-Oct-15,CS,5,$97.25,SC
,,13-Oct-15,EA,15,$51.30,SC
,,20-Oct-15,CS,6,$80.70,SC
,,20-Oct-15,EA,12,$35.04,SC
,,21-Oct-15,CS,1,$13.45,SC
KALE GREEN 24 CT USA Total,,,,174,"$1,470.07",
LEMONS 165 CT,1640,01-Oct-15,DOZ,1,$4.75,CA
,,08-Oct-15,DOZ,2,$9.74,CA
,,22-Oct-15,DOZ,1,$6.39,CA
,,12-Oct-15,DOZ,1,$4.87,CA
,,29-Oct-15,DOZ,2,$13.98,CA
,,19-Oct-15,DOZ,1,$6.39,CA
,,05-Oct-15,DOZ,2,$9.74,CA
,,06-Oct-15,CS,2,$68.02,CA
LEMONS 165 CT Total,,,,12,$123.88,
"LETTUCE 1/8"" SHRED 4/5 LB",6180,01-Oct-15,CS,1,$23.59,CA
,,01-Oct-15,EACH,12,$97.80,CA
,,08-Oct-15,CS,3,$70.77,CA
,,08-Oct-15,EACH,9,$73.35,CA
,,15-Oct-15,CS,1,$23.59,CA
,,15-Oct-15,EACH,9,$73.35,CA
,,22-Oct-15,EACH,11,$84.15,CA
,,12-Oct-15,CS,3,$70.77,CA
,,12-Oct-15,EACH,3,$24.45,CA
,,29-Oct-15,EACH,11,$84.15,CA
,,19-Oct-15,CS,3,$64.77,CA
,,19-Oct-15,EACH,4,$30.60,CA
,,26-Oct-15,CS,2,$43.18,CA
,,26-Oct-15,EACH,2,$15.30,CA
,,05-Oct-15,CS,4,$94.36,CA
,,05-Oct-15,EACH,5,$40.75,CA
,,27-Oct-15,CS,7,$151.13,CA
,,27-Oct-15,EACH,4,$30.60,CA
,,06-Oct-15,CS,8,$188.72,CA
,,06-Oct-15,EACH,1,$8.15,CA
,,13-Oct-15,CS,10,$235.90,CA
,,13-Oct-15,EACH,7,$57.05,CA
,,20-Oct-15,CS,5,$107.95,CA
,,20-Oct-15,EACH,6,$45.90,CA
,,21-Oct-15,CS,1,$21.59,CA
"LETTUCE 1/8"" SHRED 4/5 LB Total",,,,132,"$1,761.92",
LETTUCE SWEET SPRING MIX 3/1 LB,2220,01-Oct-15,CS,2,$23.60,CA
,,08-Oct-15,CS,2,$18.24,CA
,,05-Oct-15,CS,3,$27.36,CA
,,13-Oct-15,CS,2,$21.90,CA
,,20-Oct-15,CS,2,$21.90,CA
LETTUCE SWEET SPRING MIX 3/1 LB Total,,,,11,$113.00,
ONIONS RED JUMBO 25 LB,4810,15-Oct-15,5 #,1,$6.86,ID
,,29-Oct-15,CS,1,$20.21,CA
,,06-Oct-15,5 #,1,$6.86,ID
,,13-Oct-15,5 #,1,$6.86,CA
ONIONS RED JUMBO 25 LB Total,,,,4,$40.79,
ONIONS YELLOW JUMBO ROUND 50 LB,4850,01-Oct-15,5 #,1,$4.26,PA
,,15-Oct-15,5 #,1,$4.15,ID
,,22-Oct-15,5 #,4,$16.04,ID
,,29-Oct-15,5 #,2,$8.28,CO
,,26-Oct-15,5 #,2,$8.28,ID
,,05-Oct-15,5 #,1,$4.15,PA
,,27-Oct-15,5 #,5,$20.70,ID
,,27-Oct-15,CS,1,$17.05,ID
,,06-Oct-15,5 #,5,$20.75,PA
,,13-Oct-15,5 #,2,$8.30,ID
,,20-Oct-15,5 #,4,$16.04,ID
ONIONS YELLOW JUMBO ROUND 50 LB Total,,,,28,$128.00,
PEARS BOSC 70/100,1890,05-Oct-15,CS,1,$34.92,WA
PEARS BOSC 70/100 Total,,,,1,$34.92,
PEARS D'ANJOU 90,1930,22-Oct-15,CS,1,$32.84,WA
,,29-Oct-15,CS,1,$32.84,WA
,,19-Oct-15,CS,2,$65.68,WA
,,05-Oct-15,CS,1,$36.33,WA
,,06-Oct-15,CS,1,$36.33,WA
,,13-Oct-15,CS,1,$36.33,WA
,,20-Oct-15,CS,2,$65.68,WA
PEARS D'ANJOU 90 Total,,,,9,$306.03,
PEPPER GREEN LARGE 1-1/9 BU,2820,01-Oct-15,5 #,8,$53.92,GA
,,08-Oct-15,5 #,6,$41.34,GA
,,15-Oct-15,5 #,4,$27.80,GA
,,22-Oct-15,5 #,9,$65.70,GA
,,12-Oct-15,5 #,1,$6.89,GA
,,29-Oct-15,5 #,8,$52.24,GA
,,19-Oct-15,5 #,4,$29.20,GA
,,19-Oct-15,CS,1,$20.18,GA
,,26-Oct-15,5 #,1,$6.53,FL
,,26-Oct-15,CS,1,$17.11,GA
,,05-Oct-15,5 #,3,$20.67,GA
,,05-Oct-15,CS,1,$18.55,GA
,,27-Oct-15,5 #,10,$65.30,FL
,,27-Oct-15,CS,2,$34.22,FL
,,06-Oct-15,5 #,7,$48.23,GA
,,06-Oct-15,CS,2,$37.10,GA
,,13-Oct-15,5 #,8,$55.36,GA
,,20-Oct-15,5 #,5,$36.50,GA
,,20-Oct-15,CS,2,$40.36,GA
PEPPER GREEN LARGE 1-1/9 BU Total,,,,83,$677.20,
PEPPER RED 1-1/9 BU,2870,27-Oct-15,2 #,1,$6.31,SC
,,06-Oct-15,2 #,1,$5.33,AZ
PEPPER RED 1-1/9 BU Total,,,,2,$11.64,
PINEAPPLE GOLDEN 6/7 CT COSTA RICA,1960,12-Oct-15,EACH,2,$10.16,COSTA RICA
,,05-Oct-15,CS,10,$169.50,COSTA RICA
PINEAPPLE GOLDEN 6/7 CT COSTA RICA Total,,,,12,$179.66,
RADISH RED 14/1 LB,3007,06-Oct-15,EA,1,$3.39,MI
,,20-Oct-15,EA,2,$6.50,MI
RADISH RED 14/1 LB Total,,,,3,$9.89,
ROMAINE CHOPPED 6/2 LB,6300,01-Oct-15,CS,15,$261.75,CA
,,01-Oct-15,EACH,3,$16.71,CA
,,08-Oct-15,CS,12,$209.40,CA
,,08-Oct-15,EACH,2,$11.14,CA
,,15-Oct-15,CS,14,$244.30,CA
,,15-Oct-15,EACH,3,$16.71,CA
,,22-Oct-15,CS,15,$261.75,CA
,,22-Oct-15,EACH,2,$11.14,CA
,,12-Oct-15,CS,7,$122.15,CA
,,29-Oct-15,CS,10,$174.50,CA
,,29-Oct-15,EACH,3,$16.71,CA
,,19-Oct-15,CS,14,$244.30,CA
,,26-Oct-15,CS,7,$122.15,CA
,,05-Oct-15,CS,12,$209.40,CA
,,27-Oct-15,CS,12,$209.40,CA
,,27-Oct-15,EACH,3,$16.71,CA
,,06-Oct-15,CS,15,$261.75,CA
,,06-Oct-15,EACH,3,$16.71,CA
,,13-Oct-15,CS,15,$261.75,CA
,,13-Oct-15,EACH,3,$16.71,CA
,,20-Oct-15,CS,13,$226.85,CA
,,20-Oct-15,EACH,1,$5.57,CA
,,21-Oct-15,CS,2,$34.90,CA
ROMAINE CHOPPED 6/2 LB Total,,,,186,"$2,972.46",
SALAD SEPARATE W/COLOR 4/5 LB,6340,01-Oct-15,EA,1,$6.96,CA
,,08-Oct-15,CS,1,$23.25,CA
,,22-Oct-15,CS,1,$21.45,CA
,,29-Oct-15,CS,1,$21.25,CA
,,19-Oct-15,EA,2,$15.94,CA
,,27-Oct-15,CS,3,$63.75,CA
,,27-Oct-15,EA,1,$7.92,CA
,,06-Oct-15,CS,1,$23.25,CA
,,13-Oct-15,CS,3,$69.75,CA
SALAD SEPARATE W/COLOR 4/5 LB Total,,,,14,$253.52,
SPINACH 4/2.5 LB,2320,06-Oct-15,CS,1,$18.08,CA
,,20-Oct-15,CS,1,$20.95,CA
SPINACH 4/2.5 LB Total,,,,2,$39.03,
TANGERINE 120 CT,1720,01-Oct-15,CS,1,$27.45,FL
,,08-Oct-15,CS,9,$246.69,FL
,,19-Oct-15,CS,36,"$1,006.56",FL
,,05-Oct-15,CS,35,$959.35,FL
,,06-Oct-15,CS,13,$356.33,FL
TANGERINE 120 CT Total,,,,94,"$2,596.38",
TOMATOES 6X6 25 LB,5880,01-Oct-15,5 #,2,$15.08,TN
,,01-Oct-15,CS,7,$148.12,TN
,,08-Oct-15,5 #,4,$30.00,TN
,,08-Oct-15,CS,4,$83.96,TN
,,15-Oct-15,CS,2,$41.98,TN
,,22-Oct-15,5 #,1,$7.60,TN
,,22-Oct-15,CS,4,$85.52,TN
,,12-Oct-15,CS,3,$62.97,TN
,,29-Oct-15,5 #,5,$45.75,FL
,,29-Oct-15,CS,2,$55.20,FL
,,19-Oct-15,CS,2,$42.76,TN
,,26-Oct-15,CS,5,$138.00,FL
,,05-Oct-15,5 #,1,$7.50,TN
,,05-Oct-15,CS,2,$41.98,TN
,,27-Oct-15,5 #,2,$18.30,FL
,,27-Oct-15,CS,6,$165.60,FL
,,06-Oct-15,5 #,2,$15.00,TN
,,06-Oct-15,CS,5,$104.95,TN
,,13-Oct-15,5 #,1,$7.50,TN
,,13-Oct-15,CS,8,$168.12,TN
,,20-Oct-15,CS,5,$106.90,TN
,,21-Oct-15,CS,1,$21.38,TN
TOMATOES 6X6 25 LB Total,,,,74,"$1,414.17",
TOMATOES CHERRY 12/1 PINT,5820,15-Oct-15,EACH,2,$10.22,GA
,,22-Oct-15,EACH,6,$31.02,GA
,,12-Oct-15,CS,1,$24.95,GA
,,19-Oct-15,CS,1,$29.19,GA
,,26-Oct-15,CS,4,$103.40,GA
,,05-Oct-15,CS,4,$99.80,MX
,,27-Oct-15,CS,1,$25.85,GA
,,06-Oct-15,CS,1,$24.95,MX
,,06-Oct-15,EACH,4,$19.00,MX
,,20-Oct-15,CS,3,$87.57,GA
TOMATOES CHERRY 12/1 PINT Total,,,,27,$455.95,
TOMATOES GRAPE 12/1 PINT,5840,01-Oct-15,CS,6,$83.04,FL
,,01-Oct-15,EACH,6,$20.40,FL
,,08-Oct-15,CS,8,$109.60,GA
,,08-Oct-15,EACH,8,$27.12,GA
,,15-Oct-15,CS,2,$31.40,GA
,,15-Oct-15,EACH,10,$33.90,GA
,,22-Oct-15,CS,5,$107.85,FL
,,22-Oct-15,EACH,6,$24.30,FL
,,12-Oct-15,CS,4,$54.80,GA
,,29-Oct-15,EACH,16,$65.12,FL
,,19-Oct-15,CS,1,$21.57,GA
,,26-Oct-15,CS,4,$87.40,FL
,,05-Oct-15,CS,7,$95.90,GA
,,27-Oct-15,CS,4,$87.40,FL
,,27-Oct-15,EACH,5,$20.35,FL
,,06-Oct-15,CS,2,$27.40,GA
,,13-Oct-15,CS,5,$70.50,GA
,,20-Oct-15,CS,1,$21.57,GA
,,20-Oct-15,EACH,4,$16.20,GA
,,21-Oct-15,CS,1,$21.57,FL
TOMATOES GRAPE 12/1 PINT Total,,,,105,"$1,027.39",
GRAPES RED SEEDLESS,1750,01-Oct-15,CS,1,$21.93,CA
,,08-Oct-15,CS,7,$153.30,CA
,,15-Oct-15,CS,4,$101.80,CA
,,22-Oct-15,CS,4,$101.80,CA
,,12-Oct-15,2 #,1,$4.99,CA
,,12-Oct-15,CS,2,$43.80,CA
,,29-Oct-15,CS,2,$45.54,CA
,,19-Oct-15,CS,1,$25.45,CA
,,26-Oct-15,CS,2,$45.54,CA
,,05-Oct-15,CS,11,$240.90,CA
,,27-Oct-15,CS,6,$136.62,CA
,,06-Oct-15,CS,5,$109.50,CA
,,13-Oct-15,CS,5,$109.50,CA
,,20-Oct-15,CS,4,$101.80,CA
,,21-Oct-15,CS,2,$50.90,CA
GRAPES RED SEEDLESS Total,,,,57,"$1,293.37",
ORANGE CA 138,1690,01-Oct-15,CS,24,$802.80,CA
,,08-Oct-15,CS,23,$769.35,CA
,,15-Oct-15,CS,34,"$1,134.45",CA
,,22-Oct-15,CS,27,$899.10,CA
,,12-Oct-15,CS,6,$200.70,CA
,,29-Oct-15,CS,19,$632.70,CA
,,19-Oct-15,CS,23,$765.90,CA
,,26-Oct-15,CS,21,$699.30,CA
,,05-Oct-15,CS,27,$903.15,CA
,,27-Oct-15,CS,28,$932.40,CA
,,06-Oct-15,CS,18,$602.10,CA
,,13-Oct-15,CS,29,$968.40,CA
,,20-Oct-15,CS,20,$666.00,CA
,,21-Oct-15,CS,3,$99.90,CA
ORANGE CA 138 Total,,,,302,"$10,076.25",
BERRIES BLACK 12/6 OZ,1540,05-Oct-15,CS,1,$30.01,CA
BERRIES BLACK 12/6 OZ Total,,,,1,$30.01,
KIWI TRAY 27/36,1780,01-Oct-15,CS,2,$23.96,CHILI
,,08-Oct-15,CS,4,$47.92,CHILI
,,15-Oct-15,CS,6,$70.20,CHILI
,,22-Oct-15,CS,10,$114.20,CHILI
,,29-Oct-15,CS,8,$91.36,CHILI
,,05-Oct-15,CS,8,$95.84,CHILI
KIWI TRAY 27/36 Total,,,,38,$443.48,
BANANA MANZANO,1507,12-Oct-15,CS,27,$650.70,EQUADOR
BANANA MANZANO Total,,,,27,$650.70,
BEETS RED 25 LB,3010,19-Oct-15,CS,13,$142.35,MI
,,20-Oct-15,CS,11,$120.45,MI
BEETS RED 25 LB Total,,,,24,$262.80,
BROCCOLI RAPINI  S/0,2500,12-Oct-15,CS,30,$843.90,CA
BROCCOLI RAPINI  S/0 Total,,,,30,$843.90,
BRUSSEL SPROUTS 25 LB,2510,19-Oct-15,CS,25,"$1,036.25",MEXICO
BRUSSEL SPROUTS 25 LB Total,,,,25,"$1,036.25",
CABBAGE RED CTN 14-20 CT,2550,26-Oct-15,CS,28,$530.60,NC
CABBAGE RED CTN 14-20 CT Total,,,,28,$530.60,
EGGPLANT CHINESE 10 LB,2722,12-Oct-15,CS,26,$648.70,HONDURAS
EGGPLANT CHINESE 10 LB Total,,,,26,$648.70,
ENDIVE BELGIAN 10 LB,2110,29-Oct-15,CS,9,$287.55,BELGIOM
,,26-Oct-15,CS,25,$798.75,BELGIOM
,,27-Oct-15,CS,-3,-$95.85,BELGIOM
,,06-Oct-15,CS,1,$21.45,BELGIOM
,,30-Oct-15,CS,-2,-$63.90,BELGIOM
ENDIVE BELGIAN 10 LB Total,,,,30,$948.00,
MUSHROOM WHITE BUTTON 10 LB USA,5100,05-Oct-15,CS,27,$484.65,PA
MUSHROOM WHITE BUTTON 10 LB USA Total,,,,27,$484.65,
PEAS SUGAR SNAP 10 LB,2790,05-Oct-15,CS,28,$861.56,PERU
PEAS SUGAR SNAP 10 LB Total,,,,28,$861.56,
PERSIMMON FUYU,1971,08-Oct-15,CS,1,$30.95,CA
,,05-Oct-15,CS,29,$897.55,CA
PERSIMMON FUYU Total,,,,30,$928.50,
PLUMS RED VF,1967,26-Oct-15,CS,59,"$1,954.67",CA
PLUMS RED VF Total,,,,59,"$1,954.67",
POMEGRANATE 30,1970,19-Oct-15,CS,42,"$1,167.18",CA
POMEGRANATE 30 Total,,,,42,"$1,167.18",
CABBAGE GRN SHRED 4/5  W/SEP COLOR,6040,15-Oct-15,EACH,3,$22.53,CA
,,26-Oct-15,CS,1,$17.87,CA
,,06-Oct-15,CS,1,$19.45,CA
,,20-Oct-15,CS,1,$16.61,CA
,,20-Oct-15,EACH,8,$56.00,CA
CABBAGE GRN SHRED 4/5  W/SEP COLOR Total,,,,14,$132.46,
PEARS BARTLETT 80/90,1880,01-Oct-15,CS,4,$115.68,WA
,,08-Oct-15,CS,5,$134.00,WA
,,15-Oct-15,CS,6,$149.35,WA
,,22-Oct-15,CS,8,$198.72,WA
,,12-Oct-15,CS,2,$53.60,WA
,,29-Oct-15,CS,4,$99.36,WA
,,19-Oct-15,CS,2,$49.68,WA
,,26-Oct-15,CS,5,$124.20,WA
,,05-Oct-15,CS,1,$26.80,WA
,,27-Oct-15,CS,6,$149.04,WA
,,06-Oct-15,CS,3,$80.40,WA
,,13-Oct-15,CS,3,$80.40,WA
,,20-Oct-15,CS,4,$99.36,WA
,,21-Oct-15,CS,2,$49.68,WA
PEARS BARTLETT 80/90 Total,,,,55,"$1,410.27",
APPLES GOLD DEL 125,1173,15-Oct-15,CS,2,$57.02,WA
,,22-Oct-15,CS,2,$57.68,WA
APPLES GOLD DEL 125 Total,,,,4,$114.70,
ASPARAGUS STANDARD 11 LB,2410,05-Oct-15,CS,1,$28.40,PERU
ASPARAGUS STANDARD 11 LB Total,,,,1,$28.40,
WATERMELON SDLS 4/5 CT,1830,19-Oct-15,EACH,2,$16.34,TX
,,05-Oct-15,EACH,7,$76.09,TX
,,06-Oct-15,EACH,2,$21.74,TX
,,07-Oct-15,EACH,-2,-$21.74,TX
WATERMELON SDLS 4/5 CT Total,,,,9,$92.43,
BROCCOLI FLORETS 6/3 LB,2490,13-Oct-15,EACH,1,$7.34,CA
BROCCOLI FLORETS 6/3 LB Total,,,,1,$7.34,
CAULIFLOWER FLORETS 4/3,6092,13-Oct-15,EA,1,$9.20,CA
CAULIFLOWER FLORETS 4/3 Total,,,,1,$9.20,
ONIONS GREEN ICELESS 48 CT,4800,01-Oct-15,EACH,1,$2.63,MEXICO
ONIONS GREEN ICELESS 48 CT Total,,,,1,$2.63,
PUMPKIN FACE LARGE 40-50 CT,400,05-Oct-15,EACH,3,$17.73,NC
PUMPKIN FACE LARGE 40-50 CT Total,,,,3,$17.73,
"PUMPKIN PIE 24"" BIN",480,05-Oct-15,EACH,2,$7.20,NC
"PUMPKIN PIE 24"" BIN Total",,,,2,$7.20,
SQUASH BUTTERNUT 35 LB,4110,05-Oct-15,CS,5,$106.00,NJ
SQUASH BUTTERNUT 35 LB Total,,,,5,$106.00,
POTATOES IDAHO 090 CT,4309,15-Oct-15,CS,1,$16.87,ID
,,29-Oct-15,CS,1,$19.26,ID
POTATOES IDAHO 090 CT Total,,,,2,$36.13,
ROMAINE LINER 24 CT,2270,01-Oct-15,CS,2,$51.84,CA
,,08-Oct-15,CS,2,$57.90,CA
,,15-Oct-15,CS,2,$55.90,CA
,,22-Oct-15,CS,1,$25.17,CA
,,29-Oct-15,CS,1,$25.52,CA
,,19-Oct-15,CS,1,$25.17,CA
,,26-Oct-15,CS,3,$76.56,CA
,,05-Oct-15,CS,1,$28.95,CA
,,27-Oct-15,CS,1,$25.52,CA
,,06-Oct-15,CS,2,$57.90,CA
,,13-Oct-15,CS,2,$57.90,CA
,,20-Oct-15,CS,1,$25.17,CA
ROMAINE LINER 24 CT Total,,,,19,$513.50,
APPLES GRANNY SMITH 125,1215,16-Nov-15,CS,8,$245.12,WA
,,09-Nov-15,CS,5,$146.95,WA
,,02-Nov-15,CS,5,$146.95,WA
,,12-Nov-15,CS,13,$382.07,WA
,,19-Nov-15,CS,10,$306.40,WA
,,05-Nov-15,CS,9,$264.51,WA
,,30-Nov-15,CS,6,$182.04,WA
,,03-Nov-15,CS,19,$558.41,WA
,,10-Nov-15,CS,19,$558.41,WA
,,17-Nov-15,CS,16,$490.24,WA
APPLES GRANNY SMITH 125 Total,,,,110,"$3,281.10",
APPLES RED DEL 125 XF,1390,16-Nov-15,CS,13,$311.48,WA
,,09-Nov-15,CS,17,$407.32,WA
,,02-Nov-15,CS,18,$452.52,WA
,,12-Nov-15,CS,27,$646.92,WA
,,19-Nov-15,CS,14,$335.44,WA
,,05-Nov-15,CS,28,$703.92,WA
,,30-Nov-15,CS,18,$510.12,WA
,,03-Nov-15,CS,29,$729.06,WA
,,10-Nov-15,CS,30,$718.80,WA
,,17-Nov-15,CS,27,$646.92,WA
APPLES RED DEL 125 XF Total,,,,221,"$5,462.50",
BANANAS IP 150 CT,1502,16-Nov-15,CS,23,$481.85,HONDURAS
,,09-Nov-15,CS,15,$314.25,HONDURAS
,,02-Nov-15,CS,21,$439.95,HONDURAS
,,12-Nov-15,CS,18,$377.10,HONDURAS
,,19-Nov-15,CS,5,$104.75,HONDURAS
,,05-Nov-15,CS,7,$146.65,HONDURAS
,,30-Nov-15,CS,22,$438.90,HONDURAS
,,03-Nov-15,CS,15,$314.25,HONDURAS
,,10-Nov-15,CS,17,$356.15,HONDURAS
,,17-Nov-15,CS,15,$314.25,HONDURAS
BANANAS IP 150 CT Total,,,,158,"$3,288.10",
BERRIES BLUE 12/6 OZ,1549,03-Nov-15,CS,1,$56.45,MI
,,10-Nov-15,CS,1,$56.45,MI
BERRIES BLUE 12/6 OZ Total,,,,2,$112.90,
BERRIES STRAW DRISCOLL 8/1 LB,1570,05-Nov-15,CS,2,$60.60,CA
BERRIES STRAW DRISCOLL 8/1 LB Total,,,,2,$60.60,
BROCCOLI FLORETS---4/3 LB---,2506,16-Nov-15,CS,1,$24.45,CA
,,16-Nov-15,EA,6,$50.16,CA
,,09-Nov-15,CS,4,$103.52,CA
,,09-Nov-15,EA,6,$52.32,CA
,,02-Nov-15,CS,7,$181.16,CA
,,02-Nov-15,EA,6,$52.32,CA
,,12-Nov-15,CS,3,$77.64,CA
,,12-Nov-15,EA,5,$43.60,CA
,,19-Nov-15,EA,2,$16.72,CA
,,05-Nov-15,CS,2,$51.76,CA
,,05-Nov-15,EA,5,$43.60,CA
,,30-Nov-15,CS,6,$138.60,CA
,,30-Nov-15,EA,4,$32.12,CA
,,03-Nov-15,CS,2,$51.76,CA
,,03-Nov-15,EA,1,$8.72,CA
,,10-Nov-15,CS,3,$77.64,CA
,,10-Nov-15,EA,5,$43.60,CA
,,17-Nov-15,EA,4,$33.44,CA
BROCCOLI FLORETS---4/3 LB--- Total,,,,72,"$1,083.13",
CARROT STICKS 4/5 LB,6060,16-Nov-15,EA,2,$17.04,CA
,,30-Nov-15,CS,2,$51.18,CA
CARROT STICKS 4/5 LB Total,,,,4,$68.22,
CARROTS 100/2 OZ,6085,16-Nov-15,CS,3,$54.63,CA
,,09-Nov-15,CS,3,$55.86,CA
,,02-Nov-15,CS,4,$89.80,CA
,,12-Nov-15,CS,8,$148.96,CA
,,19-Nov-15,CS,13,$236.73,CA
,,05-Nov-15,CS,5,$112.25,CA
,,30-Nov-15,CS,2,$37.30,CA
,,03-Nov-15,CS,5,$112.25,CA
,,10-Nov-15,CS,6,$111.72,CA
,,17-Nov-15,CS,7,$128.70,CA
,,18-Nov-15,CS,-3,-$55.86,CA
CARROTS 100/2 OZ Total,,,,53,"$1,032.34",
CARROTS BABY PEELED 30/1 LB,2570,16-Nov-15,EACH,3,$9.24,CA
,,09-Nov-15,CS,3,$71.16,CA
,,09-Nov-15,EACH,4,$12.40,CA
,,02-Nov-15,CS,2,$47.76,CA
,,02-Nov-15,EACH,4,$12.40,CA
,,05-Nov-15,CS,1,$23.88,CA
,,05-Nov-15,EACH,4,$12.40,CA
,,30-Nov-15,CS,3,$71.31,CA
,,30-Nov-15,EACH,4,$12.40,CA
,,03-Nov-15,CS,2,$47.76,CA
,,03-Nov-15,EACH,6,$18.60,CA
,,10-Nov-15,EACH,10,$31.00,CA
,,17-Nov-15,EACH,-3,-$9.24,CA
,,04-Nov-15,CS,1,$23.88,CA
CARROTS BABY PEELED 30/1 LB Total,,,,44,$384.95,
CARROTS MATCHSTICK SHRED 4/5 LB,6080,16-Nov-15,CS,1,$16.79,CA
,,16-Nov-15,EACH,1,$6.45,CA
,,09-Nov-15,EACH,1,$6.45,CA
,,02-Nov-15,EACH,1,$6.39,CA
,,12-Nov-15,EACH,4,$25.80,CA
,,19-Nov-15,EACH,2,$12.90,CA
,,05-Nov-15,CS,1,$16.57,CA
,,05-Nov-15,EACH,2,$12.78,CA
,,30-Nov-15,EACH,3,$22.83,CA
,,03-Nov-15,EACH,2,$12.78,CA
,,10-Nov-15,EACH,1,$6.45,CA
CARROTS MATCHSTICK SHRED 4/5 LB Total,,,,19,$146.19,
CELERY SLEEVED 30/36 CT,2660,12-Nov-15,EACH,3,$10.23,CA
CELERY SLEEVED 30/36 CT Total,,,,3,$10.23,
CELERY STICKS 4/5 LB,6110,16-Nov-15,CS,1,$38.45,CA
,,09-Nov-15,CS,1,$34.45,CA
,,09-Nov-15,EACH,3,$32.58,CA
,,02-Nov-15,CS,1,$25.52,CA
,,02-Nov-15,EACH,6,$51.78,CA
,,12-Nov-15,EACH,4,$43.44,CA
,,05-Nov-15,CS,1,$25.52,CA
,,30-Nov-15,CS,1,$38.95,CA
,,30-Nov-15,EACH,6,$71.94,CA
CELERY STICKS 4/5 LB Total,,,,24,$362.63,
CILANTRO 60 CT USA,5235,09-Nov-15,CS,1,$17.36,CA
,,10-Nov-15,CS,0,$0.00,CA
CILANTRO 60 CT USA Total,,,,1,$17.36,
CUCUMBER HOT HOUSE 12 CT,2690,16-Nov-15,CS,3,$49.14,CA
,,09-Nov-15,CS,1,$14.95,CA
,,02-Nov-15,CS,1,$17.95,CA
,,05-Nov-15,CS,2,$35.90,CA
,,30-Nov-15,CS,7,$110.88,CA
,,04-Nov-15,CS,1,$17.95,CA
CUCUMBER HOT HOUSE 12 CT Total,,,,15,$246.77,
CUCUMBER KIRBY 50 LB,2700,16-Nov-15,CS,5,$172.15,FL
,,30-Nov-15,CS,4,$125.80,FL
CUCUMBER KIRBY 50 LB Total,,,,9,$297.95,
CUCUMBER SELECT 1-1/9 BU,2710,16-Nov-15,CS,1,$13.12,FL
,,09-Nov-15,3 #,1,$2.91,FL
,,02-Nov-15,3 #,1,$3.04,FL
,,12-Nov-15,3 #,5,$14.55,FL
,,12-Nov-15,CS,1,$11.28,FL
,,19-Nov-15,3 #,3,$9.06,FL
,,05-Nov-15,3 #,7,$21.28,FL
,,05-Nov-15,CS,1,$13.37,FL
,,30-Nov-15,3 #,3,$10.56,FL
,,03-Nov-15,3 #,6,$18.24,FL
,,10-Nov-15,3 #,3,$8.73,FL
,,17-Nov-15,3 #,3,$9.06,FL
CUCUMBER SELECT 1-1/9 BU Total,,,,35,$135.20,
EGGS LARGE 15 DZ USA,7910,16-Nov-15,CS,1,$27.85,FL
,,02-Nov-15,CS,2,$50.90,FL
,,19-Nov-15,CS,1,$27.85,FL
,,03-Nov-15,CS,1,$25.45,FL
,,10-Nov-15,CS,3,$76.35,FL
EGGS LARGE 15 DZ USA Total,,,,8,$208.40,
GRAPES GREEN SEEDLESS,1760,09-Nov-15,CS,1,$25.38,CA
,,02-Nov-15,CS,1,$27.32,CA
,,12-Nov-15,2 #,1,$5.63,CA
,,30-Nov-15,CS,1,$36.45,CA
,,03-Nov-15,CS,1,$27.32,CA
,,17-Nov-15,CS,2,$54.68,CA
,,04-Nov-15,CS,2,$54.64,CA
GRAPES GREEN SEEDLESS Total,,,,9,$231.42,
KALE GREEN 24 CT USA,2140,16-Nov-15,CS,1,$14.95,SC
,,16-Nov-15,EA,10,$30.00,SC
,,09-Nov-15,CS,4,$59.80,SC
,,09-Nov-15,EA,14,$42.00,SC
,,02-Nov-15,CS,2,$26.90,SC
,,02-Nov-15,EA,17,$49.64,SC
,,12-Nov-15,CS,5,$74.75,SC
,,12-Nov-15,EA,6,$18.00,SC
,,19-Nov-15,CS,3,$44.85,SC
,,19-Nov-15,EA,16,$48.00,SC
,,05-Nov-15,CS,4,$53.80,SC
,,05-Nov-15,EA,6,$17.52,SC
,,30-Nov-15,CS,4,$59.80,SC
,,30-Nov-15,EA,4,$12.00,SC
,,20-Nov-15,CS,-1,-$14.95,SC
,,03-Nov-15,CS,4,$53.80,SC
,,03-Nov-15,EA,15,$43.80,SC
,,10-Nov-15,CS,5,$74.75,SC
,,10-Nov-15,EA,16,$48.00,SC
,,17-Nov-15,CS,3,$44.85,SC
,,17-Nov-15,EA,13,$39.00,SC
,,18-Nov-15,CS,-1,-$14.95,SC
KALE GREEN 24 CT USA Total,,,,150,$826.31,
LEMONS 165 CT,1640,16-Nov-15,DOZ,2,$8.52,CA
,,12-Nov-15,DOZ,5,$21.70,CA
,,19-Nov-15,DOZ,1,$4.26,CA
,,05-Nov-15,DOZ,3,$13.77,CA
,,30-Nov-15,DOZ,2,$8.56,CA
,,10-Nov-15,DOZ,1,$4.34,CA
LEMONS 165 CT Total,,,,14,$61.15,
"LETTUCE 1/8"" SHRED 4/5 LB",6180,16-Nov-15,CS,4,$90.36,CA
,,16-Nov-15,EACH,1,$7.90,CA
,,09-Nov-15,CS,4,$86.36,CA
,,09-Nov-15,EACH,3,$22.95,CA
,,02-Nov-15,CS,6,$89.52,CA
,,12-Nov-15,CS,1,$21.59,CA
,,12-Nov-15,EACH,8,$61.20,CA
,,19-Nov-15,EACH,3,$23.70,CA
,,05-Nov-15,CS,1,$14.92,CA
,,05-Nov-15,EACH,10,$59.80,CA
,,30-Nov-15,CS,3,$67.77,CA
,,30-Nov-15,EACH,2,$15.80,CA
,,03-Nov-15,CS,4,$59.68,CA
,,03-Nov-15,EACH,3,$17.94,CA
,,10-Nov-15,CS,5,$107.95,CA
,,10-Nov-15,EACH,6,$45.90,CA
,,17-Nov-15,CS,4,$90.36,CA
,,17-Nov-15,EACH,3,$23.70,CA
"LETTUCE 1/8"" SHRED 4/5 LB Total",,,,71,$907.40,
LETTUCE SWEET SPRING MIX 3/1 LB,2220,19-Nov-15,CS,2,$21.90,CA
,,05-Nov-15,CS,1,$9.35,CA
,,30-Nov-15,CS,1,$10.95,CA
,,17-Nov-15,CS,1,$10.95,CA
,,04-Nov-15,CS,1,$9.35,CA
LETTUCE SWEET SPRING MIX 3/1 LB Total,,,,6,$62.50,
ONIONS RED JUMBO 25 LB,4810,16-Nov-15,5 #,1,$7.44,TX
,,02-Nov-15,5 #,1,$7.30,TX
,,05-Nov-15,CS,1,$20.21,TX
,,30-Nov-15,5 #,1,$6.85,TX
ONIONS RED JUMBO 25 LB Total,,,,4,$41.80,
ONIONS YELLOW JUMBO ROUND 50 LB,4850,16-Nov-15,5 #,1,$4.99,TX
,,09-Nov-15,5 #,5,$20.70,TX
,,02-Nov-15,5 #,2,$8.28,TX
,,12-Nov-15,5 #,4,$16.56,TX
,,19-Nov-15,5 #,1,$4.99,TX
,,05-Nov-15,5 #,3,$12.42,TX
,,30-Nov-15,5 #,1,$3.97,TX
,,03-Nov-15,5 #,3,$12.42,TX
,,10-Nov-15,5 #,15,$62.10,TX
,,17-Nov-15,5 #,3,$14.97,TX
,,11-Nov-15,5 #,-10,-$41.40,TX
ONIONS YELLOW JUMBO ROUND 50 LB Total,,,,28,$120.00,
PEARS BOSC 70/100,1890,30-Nov-15,CS,39,"$1,116.96",WA
PEARS BOSC 70/100 Total,,,,39,"$1,116.96",
PEARS D'ANJOU 90,1930,12-Nov-15,CS,6,$182.34,WA
,,19-Nov-15,CS,2,$71.60,WA
,,05-Nov-15,CS,1,$30.39,WA
,,03-Nov-15,CS,2,$60.78,WA
PEARS D'ANJOU 90 Total,,,,11,$345.11,
PEPPER GREEN LARGE 1-1/9 BU,2820,16-Nov-15,5 #,3,$21.06,FL
,,09-Nov-15,5 #,3,$19.59,FL
,,09-Nov-15,CS,2,$34.22,FL
,,02-Nov-15,5 #,4,$25.68,FL
,,12-Nov-15,5 #,9,$58.77,FL
,,19-Nov-15,5 #,2,$14.04,FL
,,05-Nov-15,5 #,6,$38.52,FL
,,05-Nov-15,CS,1,$16.68,FL
,,30-Nov-15,5 #,3,$24.21,FL
,,03-Nov-15,5 #,6,$38.52,FL
,,03-Nov-15,CS,1,$16.68,FL
,,10-Nov-15,5 #,5,$32.65,FL
,,17-Nov-15,5 #,1,$7.02,FL
PEPPER GREEN LARGE 1-1/9 BU Total,,,,46,$347.64,
PEPPER RED 1-1/9 BU,2870,03-Nov-15,2 #,1,$6.65,FL
,,10-Nov-15,2 #,1,$6.71,FL
PEPPER RED 1-1/9 BU Total,,,,2,$13.36,
PINEAPPLE GOLDEN 6/7 CT COSTA RICA,1960,05-Nov-15,EACH,2,$10.48,COSTA RICA
PINEAPPLE GOLDEN 6/7 CT COSTA RICA Total,,,,2,$10.48,
POTATOES IDAHO 100 CT CARTON,4310B,05-Nov-15,CS,1,$19.30,ID
POTATOES IDAHO 100 CT CARTON Total,,,,1,$19.30,
RADISH RED 14/1 LB,3007,05-Nov-15,EA,1,$3.36,FL
,,03-Nov-15,EA,1,$3.36,FL
RADISH RED 14/1 LB Total,,,,2,$6.72,
ROMAINE CHOPPED 6/2 LB,6300,16-Nov-15,CS,12,$233.40,CA
,,09-Nov-15,CS,10,$194.50,CA
,,02-Nov-15,CS,13,$226.85,CA
,,12-Nov-15,CS,11,$213.95,CA
,,19-Nov-15,CS,6,$116.70,CA
,,05-Nov-15,CS,12,$209.40,CA
,,30-Nov-15,CS,9,$204.30,CA
,,03-Nov-15,CS,7,$122.15,CA
,,10-Nov-15,CS,5,$97.25,CA
,,10-Nov-15,EACH,2,$11.90,CA
,,17-Nov-15,CS,4,$77.80,CA
,,17-Nov-15,EACH,6,$35.70,CA
ROMAINE CHOPPED 6/2 LB Total,,,,97,"$1,743.90",
SALAD SEPARATE W/COLOR 4/5 LB,6340,19-Nov-15,EA,1,$8.18,CA
,,03-Nov-15,EA,2,$12.56,CA
,,10-Nov-15,CS,2,$42.50,CA
,,17-Nov-15,CS,1,$22.25,CA
,,17-Nov-15,EA,2,$16.36,CA
,,04-Nov-15,CS,1,$15.12,CA
SALAD SEPARATE W/COLOR 4/5 LB Total,,,,9,$116.97,
SPINACH 4/2.5 LB,2320,04-Nov-15,CS,1,$19.95,CA
SPINACH 4/2.5 LB Total,,,,1,$19.95,
TOMATOES 6X6 25 LB,5880,16-Nov-15,CS,1,$16.54,FL
,,09-Nov-15,CS,2,$45.90,FL
,,02-Nov-15,CS,2,$53.80,FL
,,12-Nov-15,5 #,2,$15.98,FL
,,12-Nov-15,CS,1,$22.95,FL
,,19-Nov-15,5 #,2,$12.78,FL
,,05-Nov-15,5 #,5,$44.90,FL
,,05-Nov-15,CS,4,$107.60,FL
,,30-Nov-15,5 #,3,$17.76,FL
,,30-Nov-15,CS,3,$43.98,FL
,,03-Nov-15,5 #,2,$17.96,FL
,,03-Nov-15,CS,2,$53.80,FL
,,10-Nov-15,5 #,4,$31.96,FL
,,10-Nov-15,CS,2,$45.90,FL
,,17-Nov-15,5 #,2,$12.78,FL
,,17-Nov-15,CS,2,$33.08,FL
,,04-Nov-15,CS,1,$26.90,FL
TOMATOES 6X6 25 LB Total,,,,40,$604.57,
TOMATOES CHERRY 12/1 PINT,5820,16-Nov-15,CS,3,$41.55,FL
,,09-Nov-15,CS,1,$20.59,FL
,,02-Nov-15,CS,4,$87.36,FL
,,12-Nov-15,CS,2,$41.18,FL
,,12-Nov-15,EACH,4,$17.24,FL
,,19-Nov-15,CS,2,$27.70,FL
,,30-Nov-15,CS,3,$41.55,FL
TOMATOES CHERRY 12/1 PINT Total,,,,19,$277.17,
TOMATOES GRAPE 12/1 PINT,5840,16-Nov-15,CS,6,$95.10,FL
,,09-Nov-15,CS,6,$105.54,FL
,,02-Nov-15,CS,4,$75.36,FL
,,12-Nov-15,CS,6,$105.54,FL
,,05-Nov-15,CS,5,$94.20,FL
,,05-Nov-15,EACH,6,$22.92,FL
,,30-Nov-15,CS,4,$49.80,FL
,,03-Nov-15,CS,6,$113.04,FL
,,03-Nov-15,EACH,6,$22.92,FL
,,10-Nov-15,CS,1,$17.59,FL
,,10-Nov-15,EACH,4,$14.88,FL
,,17-Nov-15,CS,3,$47.55,FL
,,17-Nov-15,EACH,4,$14.28,FL
TOMATOES GRAPE 12/1 PINT Total,,,,61,$778.72,
GRAPES RED SEEDLESS,1750,16-Nov-15,CS,2,$46.68,CA
,,09-Nov-15,CS,2,$46.76,CA
,,02-Nov-15,CS,2,$50.64,CA
,,12-Nov-15,2 #,1,$5.17,CA
,,12-Nov-15,CS,3,$70.14,CA
,,05-Nov-15,CS,2,$50.64,CA
,,30-Nov-15,CS,2,$47.00,CA
,,03-Nov-15,CS,4,$101.28,CA
,,10-Nov-15,CS,3,$70.14,CA
,,17-Nov-15,CS,2,$46.68,CA
GRAPES RED SEEDLESS Total,,,,23,$535.13,
ORANGE CA 138,1690,16-Nov-15,CS,20,$454.60,CA
,,09-Nov-15,CS,22,$544.06,CA
,,02-Nov-15,CS,16,$430.24,CA
,,12-Nov-15,CS,20,$494.60,CA
,,19-Nov-15,CS,18,$409.14,CA
,,05-Nov-15,CS,26,$699.14,CA
,,30-Nov-15,CS,20,$440.00,CA
,,03-Nov-15,CS,26,$699.14,CA
,,10-Nov-15,CS,25,$618.25,CA
,,17-Nov-15,CS,26,$590.98,CA
ORANGE CA 138 Total,,,,219,"$5,380.15",
SQUASH YELLOW MEDIUM,4160,30-Nov-15,CS,8,$106.96,FL
SQUASH YELLOW MEDIUM Total,,,,8,$106.96,
KIWI TRAY 27/36,1780,12-Nov-15,CS,8,$99.60,ITALY
,,19-Nov-15,CS,8,$99.60,ITALY
,,05-Nov-15,CS,2,$24.40,ITALY
KIWI TRAY 27/36 Total,,,,18,$223.60,
APPLE GALA WEDGES   50/2 OZ,1165,16-Nov-15,CS,79,"$1,734.05",WA
,,17-Nov-15,CS,-3,-$65.85,WA
APPLE GALA WEDGES   50/2 OZ Total,,,,76,"$1,668.20",
APPLE GOLD DEL WEDGES 50/2 OZ,1185,09-Nov-15,CS,79,"$2,366.05",WA
APPLE GOLD DEL WEDGES 50/2 OZ Total,,,,79,"$2,366.05",
APPLE HONEY CRISP WEDGES 50/2 OZ,1222,02-Nov-15,CS,90,"$5,305.50",WA
APPLE HONEY CRISP WEDGES 50/2 OZ Total,,,,90,"$5,305.50",
BANANAS PLANTAIN  PROCESSED 50 LB,1522,02-Nov-15,CS,20,$553.80,EQUAOR
BANANAS PLANTAIN  PROCESSED 50 LB Total,,,,20,$553.80,
BEANS GREEN CUT 2/5 LB USA,6010,16-Nov-15,CS,3,$74.40,FL
,,30-Nov-15,CS,28,$566.72,FL
BEANS GREEN CUT 2/5 LB USA Total,,,,31,$641.12,
CABBAGE BOK CHOY 30 LB,2520,09-Nov-15,CS,27,$861.30,CA
CABBAGE BOK CHOY 30 LB Total,,,,27,$861.30,
KUMQUATS 10 #,1687,30-Nov-15,CS,22,$548.90,FL
KUMQUATS 10 # Total,,,,22,$548.90,
LETTUCE ARTISAN 8 LB,2215,09-Nov-15,CS,33,$686.40,CA
,,10-Nov-15,CS,8,$166.40,CA
LETTUCE ARTISAN 8 LB Total,,,,41,$852.80,
ORANGE/MEYER LEMON WEDGE COMBO 50/2,1704,16-Nov-15,CS,79,"$2,524.05",CA
,,17-Nov-15,CS,-5,-$159.75,CA
ORANGE/MEYER LEMON WEDGE COMBO 50/2 Total,,,,74,"$2,364.30",
PARSNIP COINS   50/2 OZ,3066,16-Nov-15,CS,79,"$2,682.05",CA
,,17-Nov-15,CS,-5,-$169.75,CA
PARSNIP COINS   50/2 OZ Total,,,,74,"$2,512.30",
SQUASH SPAGHETTI 35 LB,4140,30-Nov-15,CS,26,$649.48,FL
SQUASH SPAGHETTI 35 LB Total,,,,26,$649.48,
TOMATO CHERRY & GRAPE 50/2 OZ,5847,02-Nov-15,CS,90,"$2,740.50",FL
TOMATO CHERRY & GRAPE 50/2 OZ Total,,,,90,"$2,740.50",
CILANTRO 10/3 CT,5240,12-Nov-15,3 EA,3,$11.88,CA
,,05-Nov-15,3 EA,2,$7.94,CA
,,10-Nov-15,3 EA,2,$7.92,CA
CILANTRO 10/3 CT Total,,,,7,$27.74,
PEARS BARTLETT 80/90,1880,16-Nov-15,CS,4,$97.56,WA
,,09-Nov-15,CS,4,$97.56,WA
,,02-Nov-15,CS,5,$121.95,WA
,,12-Nov-15,CS,1,$24.39,WA
,,05-Nov-15,CS,3,$73.17,WA
,,30-Nov-15,CS,4,$113.36,WA
,,03-Nov-15,CS,4,$97.56,WA
,,10-Nov-15,CS,4,$97.56,WA
,,17-Nov-15,CS,1,$24.39,WA
PEARS BARTLETT 80/90 Total,,,,30,$747.50,
BROCCOLI FLORETS 6/3 LB,2490,04-Nov-15,CS,1,$25.46,CA
BROCCOLI FLORETS 6/3 LB Total,,,,1,$25.46,
CUCUMBER KIRBY  50/2 OZ,2702,16-Nov-15,CS,46,"$1,101.70",FL
CUCUMBER KIRBY  50/2 OZ Total,,,,46,"$1,101.70",
CABBAGE GRN SHRED 4/5  W/SEP COLOR,6040,12-Nov-15,CS,1,$17.87,CA
CABBAGE GRN SHRED 4/5  W/SEP COLOR Total,,,,1,$17.87,
GREENS COLLARD SHREDDED 6/2#  USA,6151,09-Nov-15,CS,1,$16.45,SC
,,12-Nov-15,CS,1,$16.45,SC
GREENS COLLARD SHREDDED 6/2#  USA Total,,,,2,$32.90,
ROMAINE LINER 24 CT,2270,09-Nov-15,CS,1,$37.45,CA
,,02-Nov-15,CS,1,$26.25,CA
,,12-Nov-15,CS,1,$37.45,CA
,,05-Nov-15,CS,2,$52.50,CA
,,03-Nov-15,CS,1,$26.25,CA
,,10-Nov-15,CS,1,$37.45,CA
,,17-Nov-15,CS,1,$29.39,CA
ROMAINE LINER 24 CT Total,,,,8,$246.74,
POTATO SWEET JUMBO 40 LB,4610,12-Nov-15,CS,1,$14.95,NC
POTATO SWEET JUMBO 40 LB Total,,,,1,$14.95,
6085 CARROTS 100/2 OZ,200,17-Nov-15,CS,3,$0.00,CA
6085 CARROTS 100/2 OZ Total,,,,3,$0.00,
Customer Product Pick Up,200,17-Nov-15,CS,1,$0.00,N/A
Customer Product Pick Up Total,,,,1,$0.00,
PQ - REF INV# 916943 - 11/10,200,17-Nov-15,CS,1,$0.00,N/A
PQ - REF INV# 916943 - 11/10 Total,,,,1,$0.00,
APPLES GRANNY SMITH 125,1215,22-Feb-16,CS,7,$229.32,WA
,,12-Feb-16,CS,6,$185.10,WA
,,08-Feb-16,,8,$246.80,WA
,,18-Feb-16,CS,19,$622.44,WA
,,25-Feb-16,CS,9,$292.05,WA
,,29-Feb-16,CS,6,$194.70,WA
,,11-Feb-16,CS,15,$462.75,WA
,,01-Feb-16,CS,8,$241.52,WA
,,02-Feb-16,CS,18,$555.30,WA
,,04-Feb-16,CS,10,$308.50,WA
,,09-Feb-16,CS,22,$678.70,WA
,,16-Feb-16,CS,29,$950.04,WA
,,23-Feb-16,CS,18,$584.10,WA
APPLES GRANNY SMITH 125 Total,,,,175,"$5,551.32",
APPLES RED DEL 125 XF,1390,22-Feb-16,CS,16,$460.16,WA
,,12-Feb-16,CS,16,$492.16,WA
,,08-Feb-16,,22,$676.72,WA
,,18-Feb-16,CS,28,$805.28,WA
,,25-Feb-16,CS,27,$835.65,WA
,,29-Feb-16,CS,16,$495.20,WA
,,11-Feb-16,CS,35,"$1,076.60",WA
,,01-Feb-16,CS,17,$513.23,WA
,,02-Feb-16,CS,34,$980.90,WA
,,04-Feb-16,CS,34,$980.90,WA
,,09-Feb-16,CS,32,$984.32,WA
,,16-Feb-16,CS,32,$920.32,WA
,,23-Feb-16,CS,32,$990.40,WA
,,03-Feb-16,CS,-1,-$28.85,WA
APPLES RED DEL 125 XF Total,,,,340,"$10,182.99",
BANANAS IP 150 CT,1502,22-Feb-16,CS,24,$502.80,GUATEMALA
,,12-Feb-16,CS,17,$356.15,GUATEMALA
,,08-Feb-16,,24,$502.80,GUATEMALA
,,18-Feb-16,CS,18,$377.10,GUATEMALA
,,25-Feb-16,CS,14,$300.30,GUATEMALA
,,29-Feb-16,CS,52,"$1,115.40",GUATEMALA
,,11-Feb-16,CS,20,$419.00,GUATEMALA
,,15-Feb-16,CS,-1,-$20.95,GUATEMALA
,,01-Feb-16,CS,20,$419.00,GUATEMALA
,,02-Feb-16,CS,20,$419.00,GUATEMALA
,,04-Feb-16,CS,15,$314.25,GUATEMALA
,,09-Feb-16,CS,22,$460.90,GUATEMALA
,,16-Feb-16,CS,22,$460.90,GUATEMALA
,,23-Feb-16,CS,10,$214.50,GUATEMALA
BANANAS IP 150 CT Total,,,,277,"$5,841.15",
BANANAS No 1 PREMIUM 40 LB GT,1505,23-Feb-16,CS,10,$209.50,GUATEMALA
BANANAS No 1 PREMIUM 40 LB GT Total,,,,10,$209.50,
BERRIES BLUE 12/6 OZ,1549,22-Feb-16,CS,1,$20.48,FL
,,08-Feb-16,,1,$20.40,FL
,,02-Feb-16,CS,2,$76.90,FL
,,09-Feb-16,EA,1,$3.95,FL
,,23-Feb-16,EA,1,$4.00,FL
BERRIES BLUE 12/6 OZ Total,,,,6,$125.73,
BERRIES STRAW DRISCOLL 8/1 LB,1570,12-Feb-16,CS,2,$68.84,CA
,,08-Feb-16,,2,$68.84,CA
,,29-Feb-16,CS,2,$51.90,CA
,,01-Feb-16,CS,3,$78.15,CA
,,02-Feb-16,CS,3,$113.85,CA
,,04-Feb-16,CS,2,$75.90,CA
,,16-Feb-16,CS,1,$34.42,CA
,,23-Feb-16,EACH,1,$6.38,CA
BERRIES STRAW DRISCOLL 8/1 LB Total,,,,16,$498.28,
BROCCOLI FLORETS---4/3 LB---,2506,22-Feb-16,CS,5,$129.75,CA
,,22-Feb-16,EA,2,$17.48,CA
,,12-Feb-16,CS,3,$71.64,CA
,,12-Feb-16,EA,3,$24.66,CA
,,08-Feb-16,,12,$176.94,CA
,,18-Feb-16,CS,1,$25.95,CA
,,18-Feb-16,EA,6,$52.44,CA
,,25-Feb-16,CS,3,$74.85,CA
,,25-Feb-16,EA,3,$25.47,CA
,,29-Feb-16,CS,3,$74.85,CA
,,29-Feb-16,EA,7,$59.43,CA
,,11-Feb-16,CS,4,$95.52,CA
,,11-Feb-16,EA,7,$57.54,CA
,,15-Feb-16,EA,-2,-$16.44,CA
,,01-Feb-16,CS,2,$51.90,CA
,,01-Feb-16,EA,5,$43.70,CA
,,02-Feb-16,CS,2,$55.76,CA
,,02-Feb-16,EA,5,$46.10,CA
,,04-Feb-16,CS,1,$27.88,CA
,,04-Feb-16,EA,9,$82.98,CA
,,09-Feb-16,CS,2,$47.76,CA
,,09-Feb-16,EA,4,$32.88,CA
,,16-Feb-16,CS,3,$77.85,CA
,,16-Feb-16,EA,8,$69.92,CA
,,23-Feb-16,CS,3,$74.85,CA
,,23-Feb-16,EA,5,$42.45,CA
,,10-Feb-16,EA,-1,-$8.22,CA
BROCCOLI FLORETS---4/3 LB--- Total,,,,105,"$1,515.89",
CABBAGE GREEN CTN 16-18 CT,2530,29-Feb-16,CS,1,$14.95,NC
,,04-Feb-16,CS,1,$19.95,NC
,,16-Feb-16,EACH,2,$7.10,NC
CABBAGE GREEN CTN 16-18 CT Total,,,,4,$42.00,
CARROT STICKS 4/5 LB,6060,09-Feb-16,EA,1,$12.17,CA
CARROT STICKS 4/5 LB Total,,,,1,$12.17,
CARROTS 100/2 OZ,6085,22-Feb-16,CS,4,$73.72,CA
,,12-Feb-16,CS,4,$72.76,CA
,,08-Feb-16,,4,$72.76,CA
,,18-Feb-16,CS,7,$129.01,CA
,,25-Feb-16,CS,7,$139.65,CA
,,29-Feb-16,CS,5,$99.75,CA
,,11-Feb-16,CS,4,$72.76,CA
,,01-Feb-16,CS,4,$74.52,CA
,,02-Feb-16,CS,6,$109.32,CA
,,04-Feb-16,CS,4,$72.88,CA
,,09-Feb-16,CS,5,$90.95,CA
,,16-Feb-16,CS,14,$258.02,CA
,,23-Feb-16,CS,4,$79.80,CA
CARROTS 100/2 OZ Total,,,,72,"$1,345.90",
CARROTS MATCHSTICK SHRED 4/5 LB,6080,22-Feb-16,EACH,3,$27.12,CA
,,12-Feb-16,EACH,2,$18.08,CA
,,08-Feb-16,,1,$9.04,CA
,,18-Feb-16,CS,1,$27.17,CA
,,18-Feb-16,EACH,3,$27.12,CA
,,25-Feb-16,EACH,1,$9.61,CA
,,29-Feb-16,CS,1,$28.45,CA
,,29-Feb-16,EACH,1,$9.36,CA
,,11-Feb-16,EACH,5,$45.20,CA
,,01-Feb-16,EACH,3,$19.47,CA
,,02-Feb-16,EACH,4,$36.16,CA
,,04-Feb-16,EACH,6,$54.24,CA
,,09-Feb-16,EACH,4,$36.16,CA
,,16-Feb-16,EACH,3,$27.12,CA
,,23-Feb-16,EACH,3,$28.83,CA
CARROTS MATCHSTICK SHRED 4/5 LB Total,,,,41,$403.13,
CELERY SLEEVED 30/36 CT,2660,11-Feb-16,CS,1,$44.57,CA
,,01-Feb-16,EACH,1,$4.11,CA
,,16-Feb-16,EACH,1,$3.84,CA
CELERY SLEEVED 30/36 CT Total,,,,3,$52.52,
CUCUMBER SELECT 1-1/9 BU,2710,22-Feb-16,3 #,13,$51.74,MEXICO
,,22-Feb-16,CS,1,$29.35,MEXICO
,,12-Feb-16,3 #,3,$10.65,MEXICO
,,12-Feb-16,CS,1,$22.16,MEXICO
,,08-Feb-16,,5,$17.75,MEXICO
,,18-Feb-16,3 #,13,$51.74,MEXICO
,,25-Feb-16,3 #,9,$30.78,MEXICO
,,25-Feb-16,CS,1,$19.95,MEXICO
,,29-Feb-16,3 #,4,$13.68,MEXICO
,,29-Feb-16,CS,1,$19.95,MEXICO
,,11-Feb-16,3 #,8,$28.40,MEXICO
,,01-Feb-16,3 #,7,$29.26,MEXICO
,,01-Feb-16,CS,1,$32.80,MEXICO
,,02-Feb-16,3 #,10,$41.70,MEXICO
,,04-Feb-16,3 #,11,$45.87,MEXICO
,,09-Feb-16,3 #,15,$53.25,MEXICO
,,16-Feb-16,3 #,16,$63.68,MEXICO
,,23-Feb-16,3 #,13,$44.46,MEXICO
CUCUMBER SELECT 1-1/9 BU Total,,,,132,$607.17,
EGGS LARGE 15 DZ USA,7910,22-Feb-16,CS,4,$111.40,FL
,,12-Feb-16,CS,0,$0.00,FL
,,08-Feb-16,,3,$84.45,FL
,,18-Feb-16,CS,1,$27.85,FL
,,29-Feb-16,CS,1,$19.95,FL
,,11-Feb-16,CS,3,$84.45,FL
,,15-Feb-16,CS,-1,-$28.15,FL
,,01-Feb-16,CS,2,$37.10,FL
,,02-Feb-16,CS,1,$24.70,FL
,,04-Feb-16,CS,1,$24.70,FL
,,23-Feb-16,CS,1,$27.85,FL
EGGS LARGE 15 DZ USA Total,,,,16,$414.30,
EGGS LARGE 30 DZ USA,7920,09-Feb-16,CS,1,$53.35,FL
EGGS LARGE 30 DZ USA Total,,,,1,$53.35,
GRAPEFRUIT RED 36-40 CT,1620,08-Feb-16,,48,$928.80,FL
,,01-Feb-16,CS,11,$189.75,FL
GRAPEFRUIT RED 36-40 CT Total,,,,59,"$1,118.55",
KALE GREEN 24 CT USA,2140,22-Feb-16,CS,2,$41.90,SC
,,22-Feb-16,EA,12,$39.60,SC
,,12-Feb-16,CS,0,$0.00,SC
,,12-Feb-16,EA,5,$16.25,SC
,,08-Feb-16,,12,$106.00,SC
,,18-Feb-16,CS,6,$125.70,SC
,,18-Feb-16,EA,13,$42.90,SC
,,25-Feb-16,CS,4,$89.80,SC
,,25-Feb-16,EA,8,$26.96,SC
,,29-Feb-16,CS,4,$91.80,SC
,,29-Feb-16,EA,3,$10.20,SC
,,11-Feb-16,CS,8,$160.00,SC
,,11-Feb-16,EA,24,$78.00,SC
,,01-Feb-16,CS,3,$74.85,SC
,,01-Feb-16,EA,18,$63.00,SC
,,02-Feb-16,CS,3,$41.85,SC
,,02-Feb-16,EA,20,$59.00,SC
,,04-Feb-16,CS,6,$83.70,SC
,,04-Feb-16,EA,11,$32.45,SC
,,09-Feb-16,CS,7,$140.00,SC
,,09-Feb-16,EA,16,$52.00,SC
,,16-Feb-16,CS,3,$62.85,SC
,,16-Feb-16,EA,24,$79.20,SC
,,23-Feb-16,CS,5,$112.25,SC
,,23-Feb-16,EA,24,$80.88,SC
,,24-Feb-16,CS,-1,-$22.45,SC
KALE GREEN 24 CT USA Total,,,,240,"$1,688.69",
LEMONS 165 CT,1640,22-Feb-16,DOZ,1,$4.14,CA
,,08-Feb-16,,2,$8.44,CA
,,18-Feb-16,DOZ,3,$12.42,CA
,,25-Feb-16,DOZ,1,$4.52,CA
,,11-Feb-16,DOZ,1,$4.22,CA
,,01-Feb-16,DOZ,2,$8.66,CA
,,02-Feb-16,DOZ,1,$4.31,CA
,,04-Feb-16,DOZ,5,$21.55,CA
,,09-Feb-16,DOZ,3,$12.66,CA
,,16-Feb-16,DOZ,2,$8.28,CA
LEMONS 165 CT Total,,,,21,$89.20,
"LETTUCE 1/8"" SHRED 4/5 LB",6180,12-Feb-16,EACH,2,$15.30,CA
"LETTUCE 1/8"" SHRED 4/5 LB Total",,,,2,$15.30,
LETTUCE SWEET SPRING MIX 3/1 LB,2220,18-Feb-16,CS,1,$11.20,CA
,,25-Feb-16,CS,1,$9.95,CA
,,11-Feb-16,CS,1,$11.20,CA
,,02-Feb-16,CS,1,$11.45,CA
,,23-Feb-16,CS,1,$9.95,CA
LETTUCE SWEET SPRING MIX 3/1 LB Total,,,,5,$53.75,
ONIONS RED JUMBO 25 LB,4810,22-Feb-16,5 #,2,$14.90,CA
,,02-Feb-16,5 #,1,$7.65,OR
,,04-Feb-16,CS,1,$21.60,OR
ONIONS RED JUMBO 25 LB Total,,,,4,$44.15,
ONIONS YELLOW JUMBO ROUND 50 LB,4850,22-Feb-16,5 #,1,$4.39,OR
,,08-Feb-16,,3,$28.39,OR
,,18-Feb-16,5 #,2,$8.78,OR
,,25-Feb-16,5 #,5,$21.95,OR
,,29-Feb-16,5 #,1,$4.39,OR
,,11-Feb-16,5 #,1,$4.42,OR
,,01-Feb-16,5 #,2,$9.06,OR
,,02-Feb-16,5 #,4,$18.08,OR
,,04-Feb-16,5 #,5,$22.60,OR
,,09-Feb-16,5 #,9,$39.78,OR
,,16-Feb-16,5 #,5,$21.95,OR
,,23-Feb-16,5 #,5,$21.95,OR
ONIONS YELLOW JUMBO ROUND 50 LB Total,,,,43,$205.74,
PEARS D'ANJOU 90,1930,23-Feb-16,CS,2,$62.90,WA
PEARS D'ANJOU 90 Total,,,,2,$62.90,
PEPPER GREEN LARGE 1-1/9 BU,2820,22-Feb-16,5 #,3,$31.20,MEXICO
,,22-Feb-16,CS,1,$32.59,MEXICO
,,08-Feb-16,,5,$44.65,MEXICO
,,18-Feb-16,5 #,8,$83.20,MEXICO
,,25-Feb-16,5 #,3,$39.72,MEXICO
,,29-Feb-16,5 #,3,$36.33,MEXICO
,,11-Feb-16,5 #,7,$62.51,MEXICO
,,01-Feb-16,5 #,6,$72.24,MEXICO
,,02-Feb-16,5 #,7,$84.91,MEXICO
,,02-Feb-16,CS,1,$39.50,MEXICO
,,04-Feb-16,5 #,4,$48.52,MEXICO
,,04-Feb-16,CS,1,$39.50,MEXICO
,,09-Feb-16,5 #,10,$89.30,MEXICO
,,16-Feb-16,5 #,9,$93.60,MEXICO
,,23-Feb-16,5 #,8,$105.92,MEXICO
PEPPER GREEN LARGE 1-1/9 BU Total,,,,76,$903.69,
PEPPER RED 1-1/9 BU,2870,11-Feb-16,2 #,3,$13.38,MEXICO
,,09-Feb-16,2 #,2,$8.92,MEXICO
,,23-Feb-16,2 #,1,$5.45,MEXICO
PEPPER RED 1-1/9 BU Total,,,,6,$27.75,
PINEAPPLE GOLDEN 6/7 CT COSTA RICA,1960,18-Feb-16,EACH,2,$8.82,COSTA RICA
PINEAPPLE GOLDEN 6/7 CT COSTA RICA Total,,,,2,$8.82,
POTATOES IDAHO 100 CT CARTON,4310B,12-Feb-16,CS,1,$19.38,ID
,,11-Feb-16,CS,1,$19.38,ID
POTATOES IDAHO 100 CT CARTON Total,,,,2,$38.76,
RADISH RED 14/1 LB,3007,02-Feb-16,EA,1,$4.12,FL
RADISH RED 14/1 LB Total,,,,1,$4.12,
SPINACH 4/2.5 LB,2320S,02-Feb-16,EACH,2,$16.92,CA
,,23-Feb-16,CS,1,$19.45,CA
SPINACH 4/2.5 LB Total,,,,3,$36.37,
TANGERINE 120 CT,1720,18-Feb-16,CS,2,$61.88,FL
,,23-Feb-16,CS,1,$31.45,FL
TANGERINE 120 CT Total,,,,3,$93.33,
ORANGE CA 138,1690,22-Feb-16,CS,24,$435.36,CA
,,12-Feb-16,CS,21,$388.29,CA
,,08-Feb-16,,27,$499.23,CA
,,18-Feb-16,CS,33,$598.62,CA
,,25-Feb-16,CS,26,$518.70,CA
,,29-Feb-16,CS,25,$498.75,CA
,,11-Feb-16,CS,33,$610.17,CA
,,15-Feb-16,CS,-1,-$18.49,CA
,,01-Feb-16,CS,24,$424.32,CA
,,02-Feb-16,CS,29,$548.39,CA
,,04-Feb-16,CS,37,$699.67,CA
,,09-Feb-16,CS,30,$554.70,CA
,,16-Feb-16,CS,28,$507.92,CA
,,23-Feb-16,CS,31,$618.45,CA
ORANGE CA 138 Total,,,,367,"$6,884.08",
KIWI TRAY 27/36,1780,12-Feb-16,CS,1,$14.45,ITALY
,,08-Feb-16,,5,$23.30,ITALY
,,18-Feb-16,CS,1,$11.20,ITALY
,,25-Feb-16,CS,1,$12.95,ITALY
,,11-Feb-16,CS,1,$14.45,ITALY
,,04-Feb-16,CS,1,$14.45,ITALY
KIWI TRAY 27/36 Total,,,,10,$90.80,
APPLES GRANNY SMITH SLICED  50/2 OZ,1201,22-Feb-16,CS,82,"$1,922.90",WA
APPLES GRANNY SMITH SLICED  50/2 OZ Total,,,,82,"$1,922.90",
ARUGULA 2/2 LB,5204,08-Feb-16,,27,$383.40,CA
ARUGULA 2/2 LB Total,,,,27,$383.40,
ASPARAGUS STANDARD 11 LB,2410,22-Feb-16,CS,47,"$1,313.65",MEXICO
,,23-Feb-16,CS,-2,-$55.90,MEXICO
ASPARAGUS STANDARD 11 LB Total,,,,45,"$1,257.75",
BEANS FRENCH 5 LB,2460,29-Feb-16,CS,46,$664.70,GUATEMALA
BEANS FRENCH 5 LB Total,,,,46,$664.70,
BEANS GREEN CUT 2/5 LB USA,6010,08-Feb-16,,25,$511.75,FL
BEANS GREEN CUT 2/5 LB USA Total,,,,25,$511.75,
CARROTS BABY RAINBOW SNIP TOPS 5 #,6625,12-Feb-16,CS,48,$751.20,GUATEMALA
CARROTS BABY RAINBOW SNIP TOPS 5 # Total,,,,48,$751.20,
CUCUMBERS KIRBY 10 LB SCH,2703,29-Feb-16,CS,29,$477.05,MEXICO
CUCUMBERS KIRBY 10 LB SCH Total,,,,29,$477.05,
FRUIIT UGLY 50/2OZ,6142,22-Feb-16,CS,82,"$2,824.90",FL
FRUIIT UGLY 50/2OZ Total,,,,82,"$2,824.90",
GRAPEFRUIT 50/2 OZ,1609,01-Feb-16,CS,65,"$1,508.00",FL
GRAPEFRUIT 50/2 OZ Total,,,,65,"$1,508.00",
GRAPEFRUIT RED 32 CT,1610,12-Feb-16,CS,39,$808.86,FL
GRAPEFRUIT RED 32 CT Total,,,,39,$808.86,
GRAPES RED SEEDLESS SCH,1750S,22-Feb-16,2 #,4,$25.80,CHILE
,,22-Feb-16,CS,4,$134.44,CHILE
,,12-Feb-16,CS,1,$56.83,CHILE
,,08-Feb-16,,4,$227.32,CHILE
,,18-Feb-16,CS,1,$33.61,CHILE
,,25-Feb-16,CS,3,$101.85,CHILE
,,29-Feb-16,CS,1,$31.45,CHILE
,,11-Feb-16,CS,1,$56.83,CHILE
,,01-Feb-16,2 #,5,$39.40,CHILE
,,01-Feb-16,CS,4,$180.12,CHILE
,,02-Feb-16,CS,1,$57.95,CHILE
,,04-Feb-16,CS,2,$115.90,CHILE
,,09-Feb-16,2 #,1,$9.35,CHILE
,,16-Feb-16,CS,1,$33.61,CHILE
,,23-Feb-16,2 #,1,$6.49,CHILE
,,23-Feb-16,CS,1,$33.95,CHILE
GRAPES RED SEEDLESS SCH Total,,,,35,"$1,144.90",
GUAVA 10 LB (SO3),1770,29-Feb-16,CS,35,"$1,328.25",FL
GUAVA 10 LB (SO3) Total,,,,35,"$1,328.25",
KOHLRABI 24 CT,3055,02-Feb-16,CS,29,$740.95,TX
KOHLRABI 24 CT Total,,,,29,$740.95,
"LETTUCE 1/8"" SHRED 4/5 LB SCH",6180S,22-Feb-16,CS,3,$58.77,CA
,,22-Feb-16,EACH,1,$7.34,CA
,,12-Feb-16,CS,3,$64.77,CA
,,12-Feb-16,EACH,-2,-$15.72,CA
,,08-Feb-16,,4,$58.90,CA
,,18-Feb-16,CS,2,$39.18,CA
,,18-Feb-16,EACH,8,$58.72,CA
,,25-Feb-16,EACH,8,$59.44,CA
,,29-Feb-16,CS,6,$119.70,CA
,,11-Feb-16,CS,2,$43.18,CA
,,11-Feb-16,EACH,9,$70.74,CA
,,15-Feb-16,CS,-2,-$43.18,CA
,,01-Feb-16,CS,3,$63.21,CA
,,01-Feb-16,EACH,4,$30.88,CA
,,02-Feb-16,CS,3,$70.77,CA
,,02-Feb-16,EACH,4,$33.52,CA
,,04-Feb-16,EACH,9,$75.42,CA
,,09-Feb-16,CS,3,$64.77,CA
,,09-Feb-16,EACH,3,$23.58,CA
,,16-Feb-16,CS,2,$39.18,CA
,,16-Feb-16,EACH,2,$14.68,CA
,,23-Feb-16,CS,1,$19.95,CA
,,23-Feb-16,EACH,2,$14.86,CA
"LETTUCE 1/8"" SHRED 4/5 LB SCH Total",,,,78,$972.66,
PAPAYA MARADOL 30,1870,08-Feb-16,,58,"$2,259.10",GUATEMALA
,,09-Feb-16,CS,-1,-$38.95,GUATEMALA
PAPAYA MARADOL 30 Total,,,,57,"$2,220.15",
PARSNIP COINS   50/2 OZ,3066,22-Feb-16,CS,82,"$2,496.90",CA
PARSNIP COINS   50/2 OZ Total,,,,82,"$2,496.90",
POMEGRANATE 30,1970,18-Feb-16,CS,22,$759.66,CA
POMEGRANATE 30 Total,,,,22,$759.66,
POTATO FINGERLING 10 LB,4249,12-Feb-16,CS,31,$579.70,CA
POTATO FINGERLING 10 LB Total,,,,31,$579.70,
RADISH / CELERY 50/2 OZ,3001,01-Feb-16,CS,87,"$2,692.65",CA
RADISH / CELERY 50/2 OZ Total,,,,87,"$2,692.65",
ROMAINE CHOPPED 6/2 LB SCH,6300S,22-Feb-16,CS,8,$155.60,CA
,,12-Feb-16,CS,5,$107.25,CA
,,08-Feb-16,,1,$21.45,CA
,,18-Feb-16,CS,7,$136.15,CA
,,25-Feb-16,CS,6,$131.70,CA
,,29-Feb-16,CS,9,$197.55,CA
,,11-Feb-16,CS,11,$235.95,CA
,,01-Feb-16,CS,3,$64.23,CA
,,02-Feb-16,CS,2,$42.90,CA
,,02-Feb-16,EACH,2,$11.66,CA
,,04-Feb-16,CS,10,$214.50,CA
,,09-Feb-16,CS,1,$21.45,CA
,,16-Feb-16,CS,1,$19.45,CA
,,23-Feb-16,CS,4,$87.80,CA
,,23-Feb-16,EACH,1,$5.91,CA
ROMAINE CHOPPED 6/2 LB SCH Total,,,,71,"$1,453.55",
SPINACH BABY 4 LB,2330,08-Feb-16,,33,$380.49,CA
SPINACH BABY 4 LB Total,,,,33,$380.49,
TANGELO MINEOLA SLICED 50/2 OZ,1726,01-Feb-16,CS,87,"$2,518.65",FL
TANGELO MINEOLA SLICED 50/2 OZ Total,,,,87,"$2,518.65",
TOMATOES 6X6 25 LB SCH,5880S,22-Feb-16,5 #,2,$18.98,FL
,,22-Feb-16,CS,3,$86.91,FL
,,12-Feb-16,CS,2,$60.00,FL
,,08-Feb-16,,5,$109.50,FL
,,18-Feb-16,5 #,8,$75.92,FL
,,18-Feb-16,CS,2,$57.94,FL
,,25-Feb-16,5 #,7,$69.02,FL
,,25-Feb-16,CS,1,$30.45,FL
,,29-Feb-16,5 #,3,$29.58,FL
,,29-Feb-16,CS,1,$30.45,FL
,,11-Feb-16,5 #,7,$68.25,FL
,,11-Feb-16,CS,1,$30.00,FL
,,01-Feb-16,5 #,3,$34.08,FL
,,01-Feb-16,CS,1,$36.45,FL
,,02-Feb-16,5 #,6,$70.44,FL
,,02-Feb-16,CS,3,$113.85,FL
,,04-Feb-16,5 #,8,$93.92,FL
,,04-Feb-16,CS,1,$37.95,FL
,,09-Feb-16,5 #,10,$97.50,FL
,,09-Feb-16,CS,3,$90.00,FL
,,16-Feb-16,5 #,8,$75.92,FL
,,16-Feb-16,CS,4,$115.88,FL
,,23-Feb-16,5 #,6,$59.16,FL
,,23-Feb-16,CS,3,$91.35,FL
TOMATOES 6X6 25 LB SCH Total,,,,98,"$1,583.50",
CILANTRO 10/3 CT,5240,22-Feb-16,3 EA,1,$3.87,MEXICO
,,18-Feb-16,3 EA,3,$11.61,MEXICO
,,02-Feb-16,3 EA,3,$11.88,MEXICO
,,04-Feb-16,3 EA,2,$7.92,MEXICO
,,09-Feb-16,3 EA,2,$8.20,MEXICO
,,16-Feb-16,3 EA,4,$15.48,MEXICO
,,23-Feb-16,3 EA,2,$8.50,MEXICO
CILANTRO 10/3 CT Total,,,,17,$67.46,
CABBAGE GRN 4/5 W/SEP COLOR SCH,6040S,22-Feb-16,CS,1,$15.87,CA
,,22-Feb-16,EACH,6,$37.32,CA
,,12-Feb-16,EACH,1,$6.22,CA
,,18-Feb-16,EACH,7,$43.54,CA
,,25-Feb-16,EACH,1,$6.49,CA
,,11-Feb-16,EACH,1,$6.22,CA
,,01-Feb-16,EACH,3,$18.60,CA
,,02-Feb-16,EACH,13,$80.86,CA
,,04-Feb-16,EACH,1,$6.22,CA
,,16-Feb-16,EACH,1,$6.22,CA
,,23-Feb-16,CS,1,$16.95,CA
,,23-Feb-16,EACH,10,$64.90,CA
,,26-Feb-16,EACH,-1,-$6.49,CA
CABBAGE GRN 4/5 W/SEP COLOR SCH Total,,,,45,$302.92,
CARROTS BABY PEELED 30/1 LB SCH,2570S,22-Feb-16,CS,1,$27.45,CA
,,12-Feb-16,CS,1,$49.25,CA
,,12-Feb-16,EACH,6,$24.06,CA
,,08-Feb-16,,7,$73.31,CA
,,18-Feb-16,CS,1,$27.45,CA
,,25-Feb-16,EACH,7,$21.98,CA
,,29-Feb-16,CS,1,$24.95,CA
,,11-Feb-16,CS,1,$49.25,CA
,,11-Feb-16,EACH,4,$16.04,CA
,,01-Feb-16,CS,2,$46.78,CA
,,04-Feb-16,CS,2,$46.44,CA
,,04-Feb-16,EACH,4,$12.32,CA
,,09-Feb-16,CS,1,$49.25,CA
,,09-Feb-16,EACH,2,$8.02,CA
,,16-Feb-16,EACH,15,$48.45,CA
CARROTS BABY PEELED 30/1 LB SCH Total,,,,55,$525.00,
PEARS BARTLETT 80/90,1880,22-Feb-16,CS,2,$61.52,WA
,,12-Feb-16,CS,4,$107.40,WA
,,18-Feb-16,CS,4,$123.04,WA
,,25-Feb-16,CS,1,$31.45,WA
,,11-Feb-16,CS,1,$26.85,WA
,,02-Feb-16,CS,1,$26.85,WA
,,04-Feb-16,CS,1,$26.85,WA
,,09-Feb-16,CS,3,$80.55,WA
,,16-Feb-16,CS,1,$30.76,WA
PEARS BARTLETT 80/90 Total,,,,18,$515.27,
SALAD SEPARTE W/COLOR 4/5 LB SCH,6340S,11-Feb-16,EACH,1,$7.56,CA
,,04-Feb-16,CS,1,$23.25,CA
,,16-Feb-16,CS,1,$19.25,CA
,,23-Feb-16,CS,1,$19.95,CA
SALAD SEPARTE W/COLOR 4/5 LB SCH Total,,,,4,$70.01,
GRAPES GREEN SEEDLESS SCH,1760S,12-Feb-16,CS,1,$58.45,CHILE
,,08-Feb-16,,3,$175.35,CHILE
,,25-Feb-16,2 #,4,$27.64,CHILE
,,01-Feb-16,CS,2,$108.90,CHILE
,,02-Feb-16,CS,3,$184.35,CHILE
,,04-Feb-16,CS,1,$61.45,CHILE
,,16-Feb-16,CS,1,$51.27,CHILE
,,23-Feb-16,CS,3,$104.85,CHILE
GRAPES GREEN SEEDLESS SCH Total,,,,18,$772.26,
TOMATOES CHERRY 12/1 PINT SCH,5820S,22-Feb-16,CS,8,$238.80,FL
,,12-Feb-16,CS,4,$107.60,FL
,,08-Feb-16,,1,$26.90,FL
,,18-Feb-16,CS,2,$59.70,FL
,,29-Feb-16,CS,3,$110.85,FL
,,11-Feb-16,EACH,3,$14.82,FL
,,01-Feb-16,CS,7,$185.85,FL
,,02-Feb-16,CS,2,$57.90,FL
,,02-Feb-16,EACH,6,$30.90,FL
,,04-Feb-16,CS,2,$57.90,FL
,,16-Feb-16,CS,1,$29.85,FL
,,23-Feb-16,CS,1,$36.95,FL
,,23-Feb-16,EACH,3,$17.85,FL
TOMATOES CHERRY 12/1 PINT SCH Total,,,,43,$975.87,
CLEMENTINES 25 LB,1684,25-Feb-16,CS,3,$94.35,FL
,,11-Feb-16,CS,1,$30.94,FL
,,02-Feb-16,CS,3,$92.82,FL
,,09-Feb-16,CS,3,$92.82,FL
,,16-Feb-16,CS,2,$61.88,FL
CLEMENTINES 25 LB Total,,,,12,$372.81,
TOMATOES GRAPE 12/1 PINT SCH,5840S,08-Feb-16,,6,$224.94,FL
,,18-Feb-16,CS,1,$37.38,FL
,,25-Feb-16,EACH,10,$45.40,FL
,,29-Feb-16,CS,5,$137.25,FL
,,11-Feb-16,CS,2,$74.98,FL
,,11-Feb-16,EACH,1,$5.37,FL
,,01-Feb-16,CS,2,$55.10,FL
,,02-Feb-16,CS,3,$83.85,FL
,,04-Feb-16,CS,1,$27.95,FL
,,04-Feb-16,EACH,8,$36.64,FL
,,16-Feb-16,CS,2,$74.76,FL
,,23-Feb-16,CS,2,$54.90,FL
TOMATOES GRAPE 12/1 PINT SCH Total,,,,43,$858.52,
CELERY STICKS 4/5 LB SCH,6110S,22-Feb-16,CS,2,$66.66,CA
,,22-Feb-16,EACH,2,$21.16,CA
,,08-Feb-16,,4,$41.00,CA
,,29-Feb-16,EACH,6,$65.16,CA
,,01-Feb-16,EACH,3,$33.15,CA
,,02-Feb-16,EACH,1,$9.93,CA
,,23-Feb-16,EACH,1,$10.86,CA
CELERY STICKS 4/5 LB SCH Total,,,,19,$247.92,
CAULIFLOWER 12 CT,2630,29-Feb-16,EACH,9,$30.69,CA
CAULIFLOWER 12 CT Total,,,,9,$30.69,
ROM/ICE BLEND W/COLOR 4/5 LB SCH,6290S,18-Feb-16,EACH,2,$16.18,CA
,,04-Feb-16,EACH,2,$17.74,CA
ROM/ICE BLEND W/COLOR 4/5 LB SCH Total,,,,4,$33.92,
LETTUCE CHOP 4/5LB SCH,6190S,25-Feb-16,CS,3,$62.85,CA
LETTUCE CHOP 4/5LB SCH Total,,,,3,$62.85,
POTATOES IDAHO 090 CT,4309,18-Feb-16,CS,1,$19.85,ID
POTATOES IDAHO 090 CT Total,,,,1,$19.85,
ROMAINE LINER 24 CT,2270,18-Feb-16,CS,1,$21.96,CA
,,25-Feb-16,CS,1,$22.45,CA
,,09-Feb-16,CS,1,$23.69,CA
,,23-Feb-16,CS,1,$22.45,CA
ROMAINE LINER 24 CT Total,,,,4,$90.55,
CANTALOUPE 12 CT SCH,1800S,11-Feb-16,CS,1,$16.57,GUATEMALA
CANTALOUPE 12 CT SCH Total,,,,1,$16.57,
